ID_Pedigree,ID_Genotipo,APY
1,1,1
2,2,1
3,3,1
4,4,1
5,5,1
6,6,1
7,7,1
8,8,1
9,9,1
10,10,1
3005,3005,1
3008,3008,1
3012,3012,1
3021,3021,1
3033,3033,1
3044,3044,1
4001,4001,1
4022,4022,1
4055,4055,1
4102,4102,1
4198,4198,1
4210,4210,1
4256,4256,1
4315,4315,1
4333,4333,1
4480,4480,1
4481,4481,1
4482,4482,1
4483,4483,1
4484,4484,1
4485,4485,1
4486,4486,1
4487,4487,1
4488,4488,1
4489,4489,1
4490,4490,1
4491,4491,1
4492,4492,1
4493,4493,1
4494,4494,1
4495,4495,1
4496,4496,1
4497,4497,1
4498,4498,1
4499,4499,1
4500,4500,1
4501,4501,1
4502,4502,1
4503,4503,1
4504,4504,1
4505,4505,1
4506,4506,1
4507,4507,1
4508,4508,1
4509,4509,1
4510,4510,1
4511,4511,1
4512,4512,1
4513,4513,1
4514,4514,1
4515,4515,1
4516,4516,1
4517,4517,1
4518,4518,1
4519,4519,1
4520,4520,1
4521,4521,1
4522,4522,1
4523,4523,1
4524,4524,1
4525,4525,1
4526,4526,1
4527,4527,1
4528,4528,1
4529,4529,1
4530,4530,1
4531,4531,1
4532,4532,1
4533,4533,1
4534,4534,1
4535,4535,1
4536,4536,1
4537,4537,1
4538,4538,1
4539,4539,1
4540,4540,1
4541,4541,1
4542,4542,1
4543,4543,1
4544,4544,1
4545,4545,1
4546,4546,1
4547,4547,1
4548,4548,1
4549,4549,1
4550,4550,1
4551,4551,1
4552,4552,1
4553,4553,1
4554,4554,1
4555,4555,1
4556,4556,1
4557,4557,1
4558,4558,1
4559,4559,1
4560,4560,1
4561,4561,1
4562,4562,1
4563,4563,1
4564,4564,1
4565,4565,1
4566,4566,1
4567,4567,1
4568,4568,1
4569,4569,1
4570,4570,1
4571,4571,1
4572,4572,1
4573,4573,1
4574,4574,1
4575,4575,1
4576,4576,1
4577,4577,1
4578,4578,1
4579,4579,1
4580,4580,1
4581,4581,1
4582,4582,1
4583,4583,1
4584,4584,1
4585,4585,1
4586,4586,1
4587,4587,1
4588,4588,1
4589,4589,1
4590,4590,1
4591,4591,1
4592,4592,1
4593,4593,1
4594,4594,1
4595,4595,1
4596,4596,1
4597,4597,1
4598,4598,1
4599,4599,1
4600,4600,1
4601,4601,1
4602,4602,1
4603,4603,1
4604,4604,1
4605,4605,1
4606,4606,1
4607,4607,1
4608,4608,1
4609,4609,1
4610,4610,1
4611,4611,1
4612,4612,1
4613,4613,1
4614,4614,1
4615,4615,1
4616,4616,1
4617,4617,1
4618,4618,1
4619,4619,1
4620,4620,1
4621,4621,1
4622,4622,1
4623,4623,1
4624,4624,1
4625,4625,1
4626,4626,1
4627,4627,1
4628,4628,1
4629,4629,1
4630,4630,1
4631,4631,1
4632,4632,1
4633,4633,1
4634,4634,1
4635,4635,1
4636,4636,1
4637,4637,1
4638,4638,1
4639,4639,1
4640,4640,1
4641,4641,1
4642,4642,1
4643,4643,1
4644,4644,1
4645,4645,1
4646,4646,1
4647,4647,1
4648,4648,1
4649,4649,1
4650,4650,1
4651,4651,1
4652,4652,1
4653,4653,1
4654,4654,1
4655,4655,1
4656,4656,1
4657,4657,1
4658,4658,1
4659,4659,1
4660,4660,1
4661,4661,1
4662,4662,1
4663,4663,1
4664,4664,1
4665,4665,1
4666,4666,1
4667,4667,1
4668,4668,1
4669,4669,1
4670,4670,1
4671,4671,1
4672,4672,1
4673,4673,1
4674,4674,1
4675,4675,1
4676,4676,1
4677,4677,1
4678,4678,1
4679,4679,1
4680,4680,1
4681,4681,1
4682,4682,1
4683,4683,1
4684,4684,1
4685,4685,1
4686,4686,1
4687,4687,1
4688,4688,1
4689,4689,1
4690,4690,1
4691,4691,1
4692,4692,1
4693,4693,1
4694,4694,1
4695,4695,1
4696,4696,1
4697,4697,1
4698,4698,1
4699,4699,1
4700,4700,1
4701,4701,1
4702,4702,1
4703,4703,1
4704,4704,1
4705,4705,1
4706,4706,1
4707,4707,1
4708,4708,1
4709,4709,1
4710,4710,1
4711,4711,1
4712,4712,1
4713,4713,1
4714,4714,1
4715,4715,1
4716,4716,1
4717,4717,1
4718,4718,1
4719,4719,1
4720,4720,1
4721,4721,1
4722,4722,1
4723,4723,1
4724,4724,1
4725,4725,1
4726,4726,1
4727,4727,1
4728,4728,1
4729,4729,1
4730,4730,1
4731,4731,1
4732,4732,1
4733,4733,1
4734,4734,1
4735,4735,1
4736,4736,1
4737,4737,1
4738,4738,1
4739,4739,1
4740,4740,1
4741,4741,1
4742,4742,1
4743,4743,1
4744,4744,1
4745,4745,1
4746,4746,1
4747,4747,1
4748,4748,1
4749,4749,1
4750,4750,1
4751,4751,1
4752,4752,1
4753,4753,1
4754,4754,1
4755,4755,1
4756,4756,1
4757,4757,1
4758,4758,1
4759,4759,1
4760,4760,1
4761,4761,1
4762,4762,1
4763,4763,1
4764,4764,1
4765,4765,1
4766,4766,1
4767,4767,1
4768,4768,1
4769,4769,1
4770,4770,1
4771,4771,1
4772,4772,1
4773,4773,1
4774,4774,1
4775,4775,1
4776,4776,1
4777,4777,1
4778,4778,1
4779,4779,1
4780,4780,1
4781,4781,1
4782,4782,1
4783,4783,1
4784,4784,1
4785,4785,1
4786,4786,1
4787,4787,1
4788,4788,1
4789,4789,1
4790,4790,1
4791,4791,1
4792,4792,1
4793,4793,1
4794,4794,1
4795,4795,1
4796,4796,1
4797,4797,1
4798,4798,1
4799,4799,1
4800,4800,1
4801,4801,1
4802,4802,1
4803,4803,1
4804,4804,1
4805,4805,1
4806,4806,1
4807,4807,1
4808,4808,1
4809,4809,1
4810,4810,1
4811,4811,1
4812,4812,1
4813,4813,1
4814,4814,1
4815,4815,1
4816,4816,1
4817,4817,1
4818,4818,1
4819,4819,1
4820,4820,1
4821,4821,1
4822,4822,1
4823,4823,1
4824,4824,1
4825,4825,1
4826,4826,1
4827,4827,1
4828,4828,1
4829,4829,1
4830,4830,1
4831,4831,1
4832,4832,1
4833,4833,1
4834,4834,1
4835,4835,1
4836,4836,1
4837,4837,1
4838,4838,1
4839,4839,1
4840,4840,1
4841,4841,1
4842,4842,1
4843,4843,1
4844,4844,1
4845,4845,1
4846,4846,1
4847,4847,1
4848,4848,1
4849,4849,1
4850,4850,1
4851,4851,1
4852,4852,1
4853,4853,1
4854,4854,1
4855,4855,1
4856,4856,1
4857,4857,1
4858,4858,1
4859,4859,1
4860,4860,1
4861,4861,1
4862,4862,1
4863,4863,1
4864,4864,1
4865,4865,1
4866,4866,1
4867,4867,1
4868,4868,1
4869,4869,1
4870,4870,1
4871,4871,1
4872,4872,1
4873,4873,1
4874,4874,1
4875,4875,1
4876,4876,1
4877,4877,1
4878,4878,1
4879,4879,1
4880,4880,1
4881,4881,1
4882,4882,1
4883,4883,1
4884,4884,1
4885,4885,1
4886,4886,1
4887,4887,1
4888,4888,1
4889,4889,1
4890,4890,1
4891,4891,1
4892,4892,1
4893,4893,1
4894,4894,1
4895,4895,1
4896,4896,1
4897,4897,1
4898,4898,1
4899,4899,1
4900,4900,1
4901,4901,1
4902,4902,1
4903,4903,1
4904,4904,1
4905,4905,1
4906,4906,1
4907,4907,1
4908,4908,1
4909,4909,1
4910,4910,1
4911,4911,1
4912,4912,1
4913,4913,1
4914,4914,1
4915,4915,1
4916,4916,1
4917,4917,1
4918,4918,1
4919,4919,1
4920,4920,1
4921,4921,1
4922,4922,1
4923,4923,1
4924,4924,1
4925,4925,1
4926,4926,1
4927,4927,1
4928,4928,1
4929,4929,1
4930,4930,1
4931,4931,1
4932,4932,1
4933,4933,1
4934,4934,1
4935,4935,1
4936,4936,1
4937,4937,1
4938,4938,1
4939,4939,1
4940,4940,1
4941,4941,1
4942,4942,1
4943,4943,1
4944,4944,1
4945,4945,1
4946,4946,1
4947,4947,1
4948,4948,1
4949,4949,1
4950,4950,1
4951,4951,1
4952,4952,1
4953,4953,1
4954,4954,1
4955,4955,1
4956,4956,1
4957,4957,1
4958,4958,1
4959,4959,1
4960,4960,1
4961,4961,1
4962,4962,1
4963,4963,1
4964,4964,1
4965,4965,1
4966,4966,1
4967,4967,1
4968,4968,1
4969,4969,1
4970,4970,1
4971,4971,1
4972,4972,1
4973,4973,1
4974,4974,1
4975,4975,1
4976,4976,1
4977,4977,1
4978,4978,1
4979,4979,1
4980,4980,1
4981,4981,1
4982,4982,1
4983,4983,1
4984,4984,1
4985,4985,1
4986,4986,1
4987,4987,1
4988,4988,1
4989,4989,1
4990,4990,1
4991,4991,1
4992,4992,1
4993,4993,1
4994,4994,1
4995,4995,1
4996,4996,1
4997,4997,1
4998,4998,1
4999,4999,1
5000,5000,1
5001,5001,1
5002,5002,1
5003,5003,1
5004,5004,1
5005,5005,1
5006,5006,1
5007,5007,1
5008,5008,1
5009,5009,1
5010,5010,1
5011,5011,1
5012,5012,1
5013,5013,1
5014,5014,1
5015,5015,1
5016,5016,1
5017,5017,1
5018,5018,1
5019,5019,1
5020,5020,1
5021,5021,1
5022,5022,1
5023,5023,1
5024,5024,1
5025,5025,1
5026,5026,1
5027,5027,1
5028,5028,1
5029,5029,1
5030,5030,1
5031,5031,1
5032,5032,1
5033,5033,1
5034,5034,1
5035,5035,1
5036,5036,1
5037,5037,1
5038,5038,1
5039,5039,1
5040,5040,1
5041,5041,1
5042,5042,1
5043,5043,1
5044,5044,1
5045,5045,1
5046,5046,1
5047,5047,1
5048,5048,1
5049,5049,1
5050,5050,1
5051,5051,1
5052,5052,1
5053,5053,1
5054,5054,1
5055,5055,1
5056,5056,1
5057,5057,1
5058,5058,1
5059,5059,1
5060,5060,1
5061,5061,1
5062,5062,1
5063,5063,1
5064,5064,1
5065,5065,1
5066,5066,1
5067,5067,1
5068,5068,1
5069,5069,1
5070,5070,1
5071,5071,1
5072,5072,1
5073,5073,1
5074,5074,1
5075,5075,1
5076,5076,1
5077,5077,1
5078,5078,1
5079,5079,1
5080,5080,1
5081,5081,1
5082,5082,1
5083,5083,1
5084,5084,1
5085,5085,1
5086,5086,1
5087,5087,1
5088,5088,1
5089,5089,1
5090,5090,1
5091,5091,1
5092,5092,1
5093,5093,1
5094,5094,1
5095,5095,1
5096,5096,1
5097,5097,1
5098,5098,1
5099,5099,1
5100,5100,1
5101,5101,1
5102,5102,1
5103,5103,1
5104,5104,1
5105,5105,1
5106,5106,1
5107,5107,1
5108,5108,1
5109,5109,1
5110,5110,1
5111,5111,1
5112,5112,1
5113,5113,1
5114,5114,1
5115,5115,1
5116,5116,1
5117,5117,1
5118,5118,1
5119,5119,1
5120,5120,1
5121,5121,1
5122,5122,1
5123,5123,1
5124,5124,1
5125,5125,1
5126,5126,1
5127,5127,1
5128,5128,1
5129,5129,1
5130,5130,1
5131,5131,1
5132,5132,1
5133,5133,1
5134,5134,1
5135,5135,1
5136,5136,1
5137,5137,1
5138,5138,1
5139,5139,1
5140,5140,1
5141,5141,1
5142,5142,1
5143,5143,1
5144,5144,1
5145,5145,1
5146,5146,1
5147,5147,1
5148,5148,1
5149,5149,1
5150,5150,1
5151,5151,1
5152,5152,1
5153,5153,1
5154,5154,1
5155,5155,1
5156,5156,1
5157,5157,1
5158,5158,1
5159,5159,1
5160,5160,1
5161,5161,1
5162,5162,1
5163,5163,1
5164,5164,1
5165,5165,1
5166,5166,1
5167,5167,1
5168,5168,1
5169,5169,1
5170,5170,1
5171,5171,1
5172,5172,1
5173,5173,1
5174,5174,1
5175,5175,1
5176,5176,1
5177,5177,1
5178,5178,1
5179,5179,1
5180,5180,1
5181,5181,1
5182,5182,1
5183,5183,1
5184,5184,1
5185,5185,1
5186,5186,1
5187,5187,1
5188,5188,1
5189,5189,1
5190,5190,1
5191,5191,1
5192,5192,1
5193,5193,1
5194,5194,1
5195,5195,1
5196,5196,1
5197,5197,1
5198,5198,1
5199,5199,1
5200,5200,1
5201,5201,1
5202,5202,1
5203,5203,1
5204,5204,1
5205,5205,1
5206,5206,1
5207,5207,1
5208,5208,1
5209,5209,1
5210,5210,1
5211,5211,1
5212,5212,1
5213,5213,1
5214,5214,1
5215,5215,1
5216,5216,1
5217,5217,1
5218,5218,1
5219,5219,1
5220,5220,1
5221,5221,1
5222,5222,1
5223,5223,1
5224,5224,1
5225,5225,1
5226,5226,1
5227,5227,1
5228,5228,1
5229,5229,1
5230,5230,1
5231,5231,1
5232,5232,1
5233,5233,1
5234,5234,1
5235,5235,1
5236,5236,1
5237,5237,1
5238,5238,1
5239,5239,1
5240,5240,1
5241,5241,1
5242,5242,1
5243,5243,1
5244,5244,1
5245,5245,1
5246,5246,1
5247,5247,1
5248,5248,1
5249,5249,1
5250,5250,1
5251,5251,1
5252,5252,1
5253,5253,1
5254,5254,1
5255,5255,1
5256,5256,1
5257,5257,1
5258,5258,1
5259,5259,1
5260,5260,1
5261,5261,1
5262,5262,1
5263,5263,1
5264,5264,1
5265,5265,1
5266,5266,1
5267,5267,1
5268,5268,1
5269,5269,1
5270,5270,1
5271,5271,1
5272,5272,1
5273,5273,1
5274,5274,1
5275,5275,1
5276,5276,1
5277,5277,1
5278,5278,1
5279,5279,1
5280,5280,1
5281,5281,1
5282,5282,1
5283,5283,1
5284,5284,1
5285,5285,1
5286,5286,1
5287,5287,1
5288,5288,1
5289,5289,1
5290,5290,1
5291,5291,1
5292,5292,1
5293,5293,1
5294,5294,1
5295,5295,1
5296,5296,1
5297,5297,1
5298,5298,1
5299,5299,1
5300,5300,1
5301,5301,1
5302,5302,1
5303,5303,1
5304,5304,1
5305,5305,1
5306,5306,1
5307,5307,1
5308,5308,1
5309,5309,1
5310,5310,1
5311,5311,1
5312,5312,1
5313,5313,1
5314,5314,1
5315,5315,1
5316,5316,1
5317,5317,1
5318,5318,1
5319,5319,1
5320,5320,1
5321,5321,1
5322,5322,1
5323,5323,1
5324,5324,1
5325,5325,1
5326,5326,1
5327,5327,1
5328,5328,1
5329,5329,1
5330,5330,1
5331,5331,1
5332,5332,1
5333,5333,1
5334,5334,1
5335,5335,1
5336,5336,1
5337,5337,1
5338,5338,1
5339,5339,1
5340,5340,1
5341,5341,1
5342,5342,1
5343,5343,1
5344,5344,1
5345,5345,1
5346,5346,1
5347,5347,1
5348,5348,1
5349,5349,1
5350,5350,1
5351,5351,1
5352,5352,1
5353,5353,1
5354,5354,1
5355,5355,1
5356,5356,1
5357,5357,1
5358,5358,1
5359,5359,1
5360,5360,1
5361,5361,1
5362,5362,1
5363,5363,1
5364,5364,1
5365,5365,1
5366,5366,1
5367,5367,1
5368,5368,1
5369,5369,1
5370,5370,1
5371,5371,1
5372,5372,1
5373,5373,1
5374,5374,1
5375,5375,1
5376,5376,1
5377,5377,1
5378,5378,1
5379,5379,1
5380,5380,1
5381,5381,1
5382,5382,1
5383,5383,1
5384,5384,1
5385,5385,1
5386,5386,1
5387,5387,1
5388,5388,1
5389,5389,1
5390,5390,1
5391,5391,1
5392,5392,1
5393,5393,1
5394,5394,1
5395,5395,1
5396,5396,1
5397,5397,1
5398,5398,1
5399,5399,1
5400,5400,1
5401,5401,1
5402,5402,1
5403,5403,1
5404,5404,1
5405,5405,1
5406,5406,1
5407,5407,1
5408,5408,1
5409,5409,1
5410,5410,1
5411,5411,1
5412,5412,1
5413,5413,1
5414,5414,1
5415,5415,1
5416,5416,1
5417,5417,1
5418,5418,1
5419,5419,1
5420,5420,1
5421,5421,1
5422,5422,1
5423,5423,1
5424,5424,1
5425,5425,1
5426,5426,1
5427,5427,1
5428,5428,1
5429,5429,1
5430,5430,1
5431,5431,1
5432,5432,1
5433,5433,1
5434,5434,1
5435,5435,1
5436,5436,1
5437,5437,1
5438,5438,1
5439,5439,1
5440,5440,1
5441,5441,1
5442,5442,1
5443,5443,1
5444,5444,1
5445,5445,1
5446,5446,1
5447,5447,1
5448,5448,1
5449,5449,1
5450,5450,1
5451,5451,1
5452,5452,1
5453,5453,1
5454,5454,1
5455,5455,1
5456,5456,1
5457,5457,1
5458,5458,1
5459,5459,1
5460,5460,1
5461,5461,1
5462,5462,1
5463,5463,1
5464,5464,1
5465,5465,1
5466,5466,1
5467,5467,1
5468,5468,1
5469,5469,1
5470,5470,1
5471,5471,1
5472,5472,1
5473,5473,1
5474,5474,1
5475,5475,1
5476,5476,1
5477,5477,1
5478,5478,1
5479,5479,1
5480,5480,1
5481,5481,1
5482,5482,1
5483,5483,1
5484,5484,1
5485,5485,1
5486,5486,1
5487,5487,1
5488,5488,1
5489,5489,1
5490,5490,1
5491,5491,1
5492,5492,1
5493,5493,1
5494,5494,1
5495,5495,1
5496,5496,1
5497,5497,1
5498,5498,1
5499,5499,1
5500,5500,1
5501,5501,1
5502,5502,1
5503,5503,1
5504,5504,1
5505,5505,1
5506,5506,1
5507,5507,1
5508,5508,1
5509,5509,1
5510,5510,1
5511,5511,1
5512,5512,1
5513,5513,1
5514,5514,1
5515,5515,1
5516,5516,1
5517,5517,1
5518,5518,1
5519,5519,1
5520,5520,1
5521,5521,1
5522,5522,1
5523,5523,1
5524,5524,1
5525,5525,1
5526,5526,1
5527,5527,1
5528,5528,1
5529,5529,1
5530,5530,1
5531,5531,1
5532,5532,1
5533,5533,1
5534,5534,1
5535,5535,1
5536,5536,1
5537,5537,1
5538,5538,1
5539,5539,1
5540,5540,1
5541,5541,1
5542,5542,1
5543,5543,1
5544,5544,1
5545,5545,1
5546,5546,1
5547,5547,1
5548,5548,1
5549,5549,1
5550,5550,1
5551,5551,1
5552,5552,1
5553,5553,1
5554,5554,1
5555,5555,1
5556,5556,1
5557,5557,1
5558,5558,1
5559,5559,1
5560,5560,1
5561,5561,1
5562,5562,1
5563,5563,1
5564,5564,1
5565,5565,1
5566,5566,1
5567,5567,1
5568,5568,1
5569,5569,1
5570,5570,1
5571,5571,1
5572,5572,1
5573,5573,1
5574,5574,1
5575,5575,1
5576,5576,1
5577,5577,1
5578,5578,1
5579,5579,1
5580,5580,1
5581,5581,1
5582,5582,1
5583,5583,1
5584,5584,1
5585,5585,1
5586,5586,1
5587,5587,1
5588,5588,1
5589,5589,1
5590,5590,1
5591,5591,1
5592,5592,1
5593,5593,1
5594,5594,1
5595,5595,1
5596,5596,1
5597,5597,1
5598,5598,1
5599,5599,1
5600,5600,1
5601,5601,1
5602,5602,1
5603,5603,1
5604,5604,1
5605,5605,1
5606,5606,1
5607,5607,1
5608,5608,1
5609,5609,1
5610,5610,1
5611,5611,1
5612,5612,1
5613,5613,1
5614,5614,1
5615,5615,1
5616,5616,1
5617,5617,1
5618,5618,1
5619,5619,1
5620,5620,1
5621,5621,1
5622,5622,1
5623,5623,1
5624,5624,1
5625,5625,1
5626,5626,1
5627,5627,1
5628,5628,1
5629,5629,1
5630,5630,1
5631,5631,1
5632,5632,1
5633,5633,1
5634,5634,1
5635,5635,1
5636,5636,1
5637,5637,1
5638,5638,1
5639,5639,1
5640,5640,1
5641,5641,1
5642,5642,1
5643,5643,1
5644,5644,1
5645,5645,1
5646,5646,1
5647,5647,1
5648,5648,1
5649,5649,1
5650,5650,1
5651,5651,1
5652,5652,1
5653,5653,1
5654,5654,1
5655,5655,1
5656,5656,1
5657,5657,1
5658,5658,1
5659,5659,1
5660,5660,1
5661,5661,1
5662,5662,1
5663,5663,1
5664,5664,1
5665,5665,1
5666,5666,1
5667,5667,1
5668,5668,1
5669,5669,1
5670,5670,1
5671,5671,1
5672,5672,1
5673,5673,1
5674,5674,1
5675,5675,1
5676,5676,1
5677,5677,1
5678,5678,1
5679,5679,1
5680,5680,1
5681,5681,1
5682,5682,1
5683,5683,1
5684,5684,1
5685,5685,1
5686,5686,1
5687,5687,1
5688,5688,1
5689,5689,1
5690,5690,1
5691,5691,1
5692,5692,1
5693,5693,1
5694,5694,1
5695,5695,1
5696,5696,1
5697,5697,1
5698,5698,1
5699,5699,1
5700,5700,1
5701,5701,1
5702,5702,1
5703,5703,1
5704,5704,1
5705,5705,1
5706,5706,1
5707,5707,1
5708,5708,1
5709,5709,1
5710,5710,1
5711,5711,1
5712,5712,1
5713,5713,1
5714,5714,1
5715,5715,1
5716,5716,1
5717,5717,1
5718,5718,1
5719,5719,1
5720,5720,1
5721,5721,1
5722,5722,1
5723,5723,1
5724,5724,1
5725,5725,1
5726,5726,1
5727,5727,1
5728,5728,1
5729,5729,1
5730,5730,1
5731,5731,1
5732,5732,1
5733,5733,1
5734,5734,1
5735,5735,1
5736,5736,1
5737,5737,1
5738,5738,1
5739,5739,1
5740,5740,1
5741,5741,1
5742,5742,1
5743,5743,1
5744,5744,1
5745,5745,1
5746,5746,1
5747,5747,1
5748,5748,1
5749,5749,1
5750,5750,1
5751,5751,1
5752,5752,1
5753,5753,1
5754,5754,1
5755,5755,1
5756,5756,1
5757,5757,1
5758,5758,1
5759,5759,1
5760,5760,1
5761,5761,1
5762,5762,1
5763,5763,1
5764,5764,1
5765,5765,1
5766,5766,1
5767,5767,1
5768,5768,1
5769,5769,1
5770,5770,1
5771,5771,1
5772,5772,1
5773,5773,1
5774,5774,1
5775,5775,1
5776,5776,1
5777,5777,1
5778,5778,1
5779,5779,1
5780,5780,1
5781,5781,1
5782,5782,1
5783,5783,1
5784,5784,1
5785,5785,1
5786,5786,1
5787,5787,1
5788,5788,1
5789,5789,1
5790,5790,1
5791,5791,1
5792,5792,1
5793,5793,1
5794,5794,1
5795,5795,1
5796,5796,1
5797,5797,1
5798,5798,1
5799,5799,1
5800,5800,1
5801,5801,1
5802,5802,1
5803,5803,1
5804,5804,1
5805,5805,1
5806,5806,1
5807,5807,1
5808,5808,1
5809,5809,1
5810,5810,1
5811,5811,1
5812,5812,1
5813,5813,1
5814,5814,1
5815,5815,1
5816,5816,1
5817,5817,1
5818,5818,1
5819,5819,1
5820,5820,1
5821,5821,1
5822,5822,1
5823,5823,1
5824,5824,1
5825,5825,1
5826,5826,1
5827,5827,1
5828,5828,1
5829,5829,1
5830,5830,1
5831,5831,1
5832,5832,1
5833,5833,1
5834,5834,1
5835,5835,1
5836,5836,1
5837,5837,1
5838,5838,1
5839,5839,1
5840,5840,1
5841,5841,1
5842,5842,1
5843,5843,1
5844,5844,1
5845,5845,1
5846,5846,1
5847,5847,1
5848,5848,1
5849,5849,1
5850,5850,1
5851,5851,1
5852,5852,1
5853,5853,1
5854,5854,1
5855,5855,1
5856,5856,1
5857,5857,1
5858,5858,1
5859,5859,1
5860,5860,1
5861,5861,1
5862,5862,1
5863,5863,1
5864,5864,1
5865,5865,1
5866,5866,1
5867,5867,1
5868,5868,1
5869,5869,1
5870,5870,1
5871,5871,1
5872,5872,1
5873,5873,1
5874,5874,1
5875,5875,1
5876,5876,1
5877,5877,1
5878,5878,1
5879,5879,1
5880,5880,1
5881,5881,1
5882,5882,1
5883,5883,1
5884,5884,1
5885,5885,1
5886,5886,1
5887,5887,1
5888,5888,1
5889,5889,1
5890,5890,1
5891,5891,1
5892,5892,1
5893,5893,1
5894,5894,1
5895,5895,1
5896,5896,1
5897,5897,1
5898,5898,1
5899,5899,1
5900,5900,1
5901,5901,1
5902,5902,1
5903,5903,1
5904,5904,1
5905,5905,1
5906,5906,1
5907,5907,1
5908,5908,1
5909,5909,1
5910,5910,1
5911,5911,1
5912,5912,1
5913,5913,1
5914,5914,1
5915,5915,1
5916,5916,1
5917,5917,1
5918,5918,1
5919,5919,1
5920,5920,1
5921,5921,1
5922,5922,1
5923,5923,1
5924,5924,1
5925,5925,1
5926,5926,1
5927,5927,1
5928,5928,1
5929,5929,1
5930,5930,1
5931,5931,1
5932,5932,1
5933,5933,1
5934,5934,1
5935,5935,1
5936,5936,1
5937,5937,1
5938,5938,1
5939,5939,1
5940,5940,1
5941,5941,1
5942,5942,1
5943,5943,1
5944,5944,1
5945,5945,1
5946,5946,1
5947,5947,1
5948,5948,1
5949,5949,1
5950,5950,1
5951,5951,1
5952,5952,1
5953,5953,1
5954,5954,1
5955,5955,1
5956,5956,1
5957,5957,1
5958,5958,1
5959,5959,1
5960,5960,1
5961,5961,1
5962,5962,1
5963,5963,1
5964,5964,1
5965,5965,1
5966,5966,1
5967,5967,1
5968,5968,1
5969,5969,1
5970,5970,1
5971,5971,1
5972,5972,1
5973,5973,1
5974,5974,1
5975,5975,1
5976,5976,1
5977,5977,1
5978,5978,1
5979,5979,1
5980,5980,1
5981,5981,1
5982,5982,1
5983,5983,1
5984,5984,1
5985,5985,1
5986,5986,1
5987,5987,1
5988,5988,1
5989,5989,1
5990,5990,1
5991,5991,1
5992,5992,1
5993,5993,1
5994,5994,1
5995,5995,1
5996,5996,1
5997,5997,1
5998,5998,1
5999,5999,1
6000,6000,1
6001,6001,1
6002,6002,1
6003,6003,1
6004,6004,1
6005,6005,1
6006,6006,1
6007,6007,1
6008,6008,1
6009,6009,1
6010,6010,1
6011,6011,1
6012,6012,1
6013,6013,1
6014,6014,1
6015,6015,1
6016,6016,1
6017,6017,1
6018,6018,1
6019,6019,1
6020,6020,1
6021,6021,1
6022,6022,1
6023,6023,1
6024,6024,1
6025,6025,1
6026,6026,1
6027,6027,1
6028,6028,1
6029,6029,1
6030,6030,1
6031,6031,1
6032,6032,1
6033,6033,1
6034,6034,1
6035,6035,1
6036,6036,1
6037,6037,1
6038,6038,1
6039,6039,1
6040,6040,1
6041,6041,1
6042,6042,1
6043,6043,1
6044,6044,1
6045,6045,1
6046,6046,1
6047,6047,1
6048,6048,1
6049,6049,1
6050,6050,1
6051,6051,1
6052,6052,1
6053,6053,1
6054,6054,1
6055,6055,1
6056,6056,1
6057,6057,1
6058,6058,1
6059,6059,1
6060,6060,1
6061,6061,1
6062,6062,1
6063,6063,1
6064,6064,1
6065,6065,1
6066,6066,1
6067,6067,1
6068,6068,1
6069,6069,1
6070,6070,1
6071,6071,1
6072,6072,1
6073,6073,1
6074,6074,1
6075,6075,1
6076,6076,1
6077,6077,1
6078,6078,1
6079,6079,1
6080,6080,1
6081,6081,1
6082,6082,1
6083,6083,1
6084,6084,1
6085,6085,1
6086,6086,1
6087,6087,1
6088,6088,1
6089,6089,1
6090,6090,1
6091,6091,1
6092,6092,1
6093,6093,1
6094,6094,1
6095,6095,1
6096,6096,1
6097,6097,1
6098,6098,1
6099,6099,1
6100,6100,1
6101,6101,1
6102,6102,1
6103,6103,1
6104,6104,1
6105,6105,1
6106,6106,1
6107,6107,1
6108,6108,1
6109,6109,1
6110,6110,1
6111,6111,1
6112,6112,1
6113,6113,1
6114,6114,1
6115,6115,1
6116,6116,1
6117,6117,1
6118,6118,1
6119,6119,1
6120,6120,1
6121,6121,1
6122,6122,1
6123,6123,1
6124,6124,1
6125,6125,1
6126,6126,1
6127,6127,1
6128,6128,1
6129,6129,1
6130,6130,1
6131,6131,1
6132,6132,1
6133,6133,1
6134,6134,1
6135,6135,1
6136,6136,1
6137,6137,1
6138,6138,1
6139,6139,1
6140,6140,1
6141,6141,1
6142,6142,1
6143,6143,1
6144,6144,1
6145,6145,1
6146,6146,1
6147,6147,1
6148,6148,1
6149,6149,1
6150,6150,1
6151,6151,1
6152,6152,1
6153,6153,1
6154,6154,1
6155,6155,1
6156,6156,1
6157,6157,1
6158,6158,1
6159,6159,1
6160,6160,1
6161,6161,1
6162,6162,1
6163,6163,1
6164,6164,1
6165,6165,1
6166,6166,1
6167,6167,1
6168,6168,1
6169,6169,1
6170,6170,1
6171,6171,1
6172,6172,1
6173,6173,1
6174,6174,1
6175,6175,1
6176,6176,1
6177,6177,1
6178,6178,1
6179,6179,1
6180,6180,1
6181,6181,1
6182,6182,1
6183,6183,1
6184,6184,1
6185,6185,1
6186,6186,1
6187,6187,1
6188,6188,1
6189,6189,1
6190,6190,1
6191,6191,1
6192,6192,1
6193,6193,1
6194,6194,1
6195,6195,1
6196,6196,1
6197,6197,1
6198,6198,1
6199,6199,1
6200,6200,1
6201,6201,1
6202,6202,1
6203,6203,1
6204,6204,1
6205,6205,1
6206,6206,1
6207,6207,1
6208,6208,1
6209,6209,1
6210,6210,1
6211,6211,1
6212,6212,1
6213,6213,1
6214,6214,1
6215,6215,1
6216,6216,1
6217,6217,1
6218,6218,1
6219,6219,1
6220,6220,1
6221,6221,1
6222,6222,1
6223,6223,1
6224,6224,1
6225,6225,1
6226,6226,1
6227,6227,1
6228,6228,1
6229,6229,1
6230,6230,1
6231,6231,1
6232,6232,1
6233,6233,1
6234,6234,1
6235,6235,1
6236,6236,1
6237,6237,1
6238,6238,1
6239,6239,1
6240,6240,1
6241,6241,1
6242,6242,1
6243,6243,1
6244,6244,1
6245,6245,1
6246,6246,1
6247,6247,1
6248,6248,1
6249,6249,1
6250,6250,1
6251,6251,1
6252,6252,1
6253,6253,1
6254,6254,1
6255,6255,1
6256,6256,1
6257,6257,1
6258,6258,1
6259,6259,1
6260,6260,1
6261,6261,1
6262,6262,1
6263,6263,1
6264,6264,1
6265,6265,1
6266,6266,1
6267,6267,1
6268,6268,1
6269,6269,1
6270,6270,1
6271,6271,1
6272,6272,1
6273,6273,1
6274,6274,1
6275,6275,1
6276,6276,1
6277,6277,1
6278,6278,1
6279,6279,1
6280,6280,1
6281,6281,1
6282,6282,1
6283,6283,1
6284,6284,1
6285,6285,1
6286,6286,1
6287,6287,1
6288,6288,1
6289,6289,1
6290,6290,1
6291,6291,1
6292,6292,1
6293,6293,1
6294,6294,1
6295,6295,1
6296,6296,1
6297,6297,1
6298,6298,1
6299,6299,1
6300,6300,1
6301,6301,1
6302,6302,1
6303,6303,1
6304,6304,1
6305,6305,1
6306,6306,1
6307,6307,1
6308,6308,1
6309,6309,1
6310,6310,1
6311,6311,1
6312,6312,1
6313,6313,1
6314,6314,1
6315,6315,1
6316,6316,1
6317,6317,1
6318,6318,1
6319,6319,1
6320,6320,1
6321,6321,1
6322,6322,1
6323,6323,1
6324,6324,1
6325,6325,1
6326,6326,1
6327,6327,1
6328,6328,1
6329,6329,1
6330,6330,1
6331,6331,1
6332,6332,1
6333,6333,1
6334,6334,1
6335,6335,1
6336,6336,1
6337,6337,1
6338,6338,1
6339,6339,1
6340,6340,1
6341,6341,1
6342,6342,1
6343,6343,1
6344,6344,1
6345,6345,1
6346,6346,1
6347,6347,1
6348,6348,1
6349,6349,1
6350,6350,1
6351,6351,1
6352,6352,1
6353,6353,1
6354,6354,1
6355,6355,1
6356,6356,1
6357,6357,1
6358,6358,1
6359,6359,1
6360,6360,1
6361,6361,1
6362,6362,1
6363,6363,1
6364,6364,1
6365,6365,1
6366,6366,1
6367,6367,1
6368,6368,1
6369,6369,1
6370,6370,1
6371,6371,1
6372,6372,1
6373,6373,1
6374,6374,1
6375,6375,1
6376,6376,1
6377,6377,1
6378,6378,1
6379,6379,1
6380,6380,1
6381,6381,1
6382,6382,1
6383,6383,1
6384,6384,1
6385,6385,1
6386,6386,1
6387,6387,1
6388,6388,1
6389,6389,1
6390,6390,1
6391,6391,1
6392,6392,1
6393,6393,1
6394,6394,1
6395,6395,1
6396,6396,1
6397,6397,1
6398,6398,1
6399,6399,1
6400,6400,1
6401,6401,1
6402,6402,1
6403,6403,1
6404,6404,1
6405,6405,1
6406,6406,1
6407,6407,1
6408,6408,1
6409,6409,1
6410,6410,1
6411,6411,1
6412,6412,1
6413,6413,1
6414,6414,1
6415,6415,1
6416,6416,1
6417,6417,1
6418,6418,1
6419,6419,1
6420,6420,1
6421,6421,1
6422,6422,1
6423,6423,1
6424,6424,1
6425,6425,1
6426,6426,1
6427,6427,1
6428,6428,1
6429,6429,1
6430,6430,1
6431,6431,1
6432,6432,1
6433,6433,1
6434,6434,1
6435,6435,1
6436,6436,1
6437,6437,1
6438,6438,1
6439,6439,1
6440,6440,1
6441,6441,1
6442,6442,1
6443,6443,1
6444,6444,1
6445,6445,1
6446,6446,1
6447,6447,1
6448,6448,1
6449,6449,1
6450,6450,1
6451,6451,1
6452,6452,1
6453,6453,1
6454,6454,1
6455,6455,1
6456,6456,1
6457,6457,1
6458,6458,1
6459,6459,1
6460,6460,1
6461,6461,1
6462,6462,1
6463,6463,1
6464,6464,1
6465,6465,1
6466,6466,1
6467,6467,1
6468,6468,1
6469,6469,1
6470,6470,1
6471,6471,1
6472,6472,1
6473,6473,1
6474,6474,1
6475,6475,1
6476,6476,1
6477,6477,1
6478,6478,1
6479,6479,1
6480,6480,1
6481,6481,1
6482,6482,1
6483,6483,1
6484,6484,1
6485,6485,1
6486,6486,1
6487,6487,1
6488,6488,1
6489,6489,1
6490,6490,1
6491,6491,1
6492,6492,1
6493,6493,1
6494,6494,1
6495,6495,1
6496,6496,1
6497,6497,1
6498,6498,1
6499,6499,1
6500,6500,1
6501,6501,1
6502,6502,1
6503,6503,1
6504,6504,1
6505,6505,1
6506,6506,1
6507,6507,1
6508,6508,1
6509,6509,1
6510,6510,1
6511,6511,1
6512,6512,1
6513,6513,1
6514,6514,1
6515,6515,1
6516,6516,1
6517,6517,1
6518,6518,1
6519,6519,1
6520,6520,1
6521,6521,1
6522,6522,1
6523,6523,1
6524,6524,1
6525,6525,1
6526,6526,1
6527,6527,1
6528,6528,1
6529,6529,1
6530,6530,1
6531,6531,1
6532,6532,1
6533,6533,1
6534,6534,1
6535,6535,1
6536,6536,1
6537,6537,1
6538,6538,1
6539,6539,1
6540,6540,1
6541,6541,1
6542,6542,1
6543,6543,1
6544,6544,1
6545,6545,1
6546,6546,1
6547,6547,1
6548,6548,1
6549,6549,1
6550,6550,1
6551,6551,1
6552,6552,1
6553,6553,1
6554,6554,1
6555,6555,1
6556,6556,1
6557,6557,1
6558,6558,1
6559,6559,1
6560,6560,1
6561,6561,1
6562,6562,1
6563,6563,1
6564,6564,1
6565,6565,1
6566,6566,1
6567,6567,1
6568,6568,1
6569,6569,1
6570,6570,1
6571,6571,1
6572,6572,1
6573,6573,1
6574,6574,1
6575,6575,1
6576,6576,1
6577,6577,1
6578,6578,1
6579,6579,1
6580,6580,1
6581,6581,1
6582,6582,1
6583,6583,1
6584,6584,1
6585,6585,1
6586,6586,1
6587,6587,1
6588,6588,1
6589,6589,1
6590,6590,1
6591,6591,1
6592,6592,1
6593,6593,1
6594,6594,1
6595,6595,1
6596,6596,1
6597,6597,1
6598,6598,1
6599,6599,1
6600,6600,1
6601,6601,1
6602,6602,1
6603,6603,1
6604,6604,1
6605,6605,1
6606,6606,1
6607,6607,1
6608,6608,1
6609,6609,1
6610,6610,1
6611,6611,1
6612,6612,1
6613,6613,1
6614,6614,1
6615,6615,1
6616,6616,1
6617,6617,1
6618,6618,1
6619,6619,1
6620,6620,1
6621,6621,1
6622,6622,1
6623,6623,1
6624,6624,1
6625,6625,1
6626,6626,1
6627,6627,1
6628,6628,1
6629,6629,1
6630,6630,1
6631,6631,1
6632,6632,1
6633,6633,1
6634,6634,1
6635,6635,1
6636,6636,1
6637,6637,1
6638,6638,1
6639,6639,1
6640,6640,1
6641,6641,1
6642,6642,1
6643,6643,1
6644,6644,1
6645,6645,1
6646,6646,1
6647,6647,1
6648,6648,1
6649,6649,1
6650,6650,1
6651,6651,1
6652,6652,1
6653,6653,1
6654,6654,1
6655,6655,1
6656,6656,1
6657,6657,1
6658,6658,1
6659,6659,1
6660,6660,1
6661,6661,1
6662,6662,1
6663,6663,1
6664,6664,1
6665,6665,1
6666,6666,1
6667,6667,1
6668,6668,1
6669,6669,1
6670,6670,1
6671,6671,1
6672,6672,1
6673,6673,1
6674,6674,1
6675,6675,1
6676,6676,1
6677,6677,1
6678,6678,1
6679,6679,1
6680,6680,1
6681,6681,1
6682,6682,1
6683,6683,1
6684,6684,1
6685,6685,1
6686,6686,1
6687,6687,1
6688,6688,1
6689,6689,1
6690,6690,1
6691,6691,1
6692,6692,1
6693,6693,1
6694,6694,1
6695,6695,1
6696,6696,1
6697,6697,1
6698,6698,1
6699,6699,1
6700,6700,1
6701,6701,1
6702,6702,1
6703,6703,1
6704,6704,1
6705,6705,1
6706,6706,1
6707,6707,1
6708,6708,1
6709,6709,1
6710,6710,1
6711,6711,1
6712,6712,1
6713,6713,1
6714,6714,1
6715,6715,1
6716,6716,1
6717,6717,1
6718,6718,1
6719,6719,1
6720,6720,1
6721,6721,1
6722,6722,1
6723,6723,1
6724,6724,1
6725,6725,1
6726,6726,1
6727,6727,1
6728,6728,1
6729,6729,1
6730,6730,1
6731,6731,1
6732,6732,1
6733,6733,1
6734,6734,1
6735,6735,1
6736,6736,1
6737,6737,1
6738,6738,1
6739,6739,1
6740,6740,1
6741,6741,1
6742,6742,1
6743,6743,1
6744,6744,1
6745,6745,1
6746,6746,1
6747,6747,1
6748,6748,1
6749,6749,1
6750,6750,1
6751,6751,1
6752,6752,1
6753,6753,1
6754,6754,1
6755,6755,1
6756,6756,1
6757,6757,1
6758,6758,1
6759,6759,1
6760,6760,1
6761,6761,1
6762,6762,1
6763,6763,1
6764,6764,1
6765,6765,1
6766,6766,1
6767,6767,1
6768,6768,1
6769,6769,1
6770,6770,1
6771,6771,1
6772,6772,1
6773,6773,1
6774,6774,1
6775,6775,1
6776,6776,1
6777,6777,1
6778,6778,1
6779,6779,1
6780,6780,1
6781,6781,1
6782,6782,1
6783,6783,1
6784,6784,1
6785,6785,1
6786,6786,1
6787,6787,1
6788,6788,1
6789,6789,1
6790,6790,1
6791,6791,1
6792,6792,1
6793,6793,1
6794,6794,1
6795,6795,1
6796,6796,1
6797,6797,1
6798,6798,1
6799,6799,1
6800,6800,1
6801,6801,1
6802,6802,1
6803,6803,1
6804,6804,1
6805,6805,1
6806,6806,1
6807,6807,1
6808,6808,1
6809,6809,1
6810,6810,1
6811,6811,1
6812,6812,1
6813,6813,1
6814,6814,1
6815,6815,1
6816,6816,1
6817,6817,1
6818,6818,1
6819,6819,1
6820,6820,1
6821,6821,1
6822,6822,1
6823,6823,1
6824,6824,1
6825,6825,1
6826,6826,1
6827,6827,1
6828,6828,1
6829,6829,1
6830,6830,1
6831,6831,1
6832,6832,1
6833,6833,1
6834,6834,1
6835,6835,1
6836,6836,1
6837,6837,1
6838,6838,1
6839,6839,1
6840,6840,1
6841,6841,1
6842,6842,1
6843,6843,1
6844,6844,1
6845,6845,1
6846,6846,1
6847,6847,1
6848,6848,1
6849,6849,1
6850,6850,1
6851,6851,1
6852,6852,1
6853,6853,1
6854,6854,1
6855,6855,1
6856,6856,1
6857,6857,1
6858,6858,1
6859,6859,1
6860,6860,1
6861,6861,1
6862,6862,1
6863,6863,1
6864,6864,1
6865,6865,1
6866,6866,1
6867,6867,1
6868,6868,1
6869,6869,1
6870,6870,1
6871,6871,1
6872,6872,1
6873,6873,1
6874,6874,1
6875,6875,1
6876,6876,1
6877,6877,1
6878,6878,1
6879,6879,1
6880,6880,1
6881,6881,1
6882,6882,1
6883,6883,1
6884,6884,1
6885,6885,1
6886,6886,1
6887,6887,1
6888,6888,1
6889,6889,1
6890,6890,1
6891,6891,1
6892,6892,1
6893,6893,1
6894,6894,1
6895,6895,1
6896,6896,1
6897,6897,1
6898,6898,1
6899,6899,1
6900,6900,1
6901,6901,1
6902,6902,1
6903,6903,1
6904,6904,1
6905,6905,1
6906,6906,1
6907,6907,1
6908,6908,1
6909,6909,1
6910,6910,1
6911,6911,1
6912,6912,1
6913,6913,1
6914,6914,1
6915,6915,1
6916,6916,1
6917,6917,1
6918,6918,1
6919,6919,1
6920,6920,1
6921,6921,1
6922,6922,1
6923,6923,1
6924,6924,1
6925,6925,1
6926,6926,1
6927,6927,1
6928,6928,1
6929,6929,1
6930,6930,1
6931,6931,1
6932,6932,1
6933,6933,1
6934,6934,1
6935,6935,1
6936,6936,1
6937,6937,1
6938,6938,1
6939,6939,1
6940,6940,1
6941,6941,1
6942,6942,1
6943,6943,1
6944,6944,1
6945,6945,1
6946,6946,1
6947,6947,1
6948,6948,1
6949,6949,1
6950,6950,1
6951,6951,1
6952,6952,1
6953,6953,1
6954,6954,1
6955,6955,1
6956,6956,1
6957,6957,1
6958,6958,1
6959,6959,1
6960,6960,1
6961,6961,1
6962,6962,1
6963,6963,1
6964,6964,1
6965,6965,1
6966,6966,1
6967,6967,1
6968,6968,1
6969,6969,1
6970,6970,1
6971,6971,1
6972,6972,1
6973,6973,1
6974,6974,1
6975,6975,1
6976,6976,1
6977,6977,1
6978,6978,1
6979,6979,1
6980,6980,1
6981,6981,1
6982,6982,1
6983,6983,1
6984,6984,1
6985,6985,1
6986,6986,1
6987,6987,1
6988,6988,1
6989,6989,1
6990,6990,1
6991,6991,1
6992,6992,1
6993,6993,1
6994,6994,1
6995,6995,1
6996,6996,1
6997,6997,1
6998,6998,1
6999,6999,1
7000,7000,1
7001,7001,1
7002,7002,1
7003,7003,1
7004,7004,1
7005,7005,1
7006,7006,1
7007,7007,1
7008,7008,1
7009,7009,1
7010,7010,1
7011,7011,1
7012,7012,1
7013,7013,1
7014,7014,1
7015,7015,1
7016,7016,1
7017,7017,1
7018,7018,1
7019,7019,1
7020,7020,1
7021,7021,1
7022,7022,1
7023,7023,1
7024,7024,1
7025,7025,1
7026,7026,1
7027,7027,1
7028,7028,1
7029,7029,1
7030,7030,1
7031,7031,1
7032,7032,1
7033,7033,1
7034,7034,1
7035,7035,1
7036,7036,1
7037,7037,1
7038,7038,1
7039,7039,1
7040,7040,1
7041,7041,1
7042,7042,1
7043,7043,1
7044,7044,1
7045,7045,1
7046,7046,1
7047,7047,1
7048,7048,1
7049,7049,1
7050,7050,1
7051,7051,1
7052,7052,1
7053,7053,1
7054,7054,1
7055,7055,1
7056,7056,1
7057,7057,1
7058,7058,1
7059,7059,1
7060,7060,1
7061,7061,1
7062,7062,1
7063,7063,1
7064,7064,1
7065,7065,1
7066,7066,1
7067,7067,1
7068,7068,1
7069,7069,1
7070,7070,1
7071,7071,1
7072,7072,1
7073,7073,1
7074,7074,1
7075,7075,1
7076,7076,1
7077,7077,1
7078,7078,1
7079,7079,1
7080,7080,1
7081,7081,1
7082,7082,1
7083,7083,1
7084,7084,1
7085,7085,1
7086,7086,1
7087,7087,1
7088,7088,1
7089,7089,1
7090,7090,1
7091,7091,1
7092,7092,1
7093,7093,1
7094,7094,1
7095,7095,1
7096,7096,1
7097,7097,1
7098,7098,1
7099,7099,1
7100,7100,1
7101,7101,1
7102,7102,1
7103,7103,1
7104,7104,1
7105,7105,1
7106,7106,1
7107,7107,1
7108,7108,1
7109,7109,1
7110,7110,1
7111,7111,1
7112,7112,1
7113,7113,1
7114,7114,1
7115,7115,1
7116,7116,1
7117,7117,1
7118,7118,1
7119,7119,1
7120,7120,1
7121,7121,1
7122,7122,1
7123,7123,1
7124,7124,1
7125,7125,1
7126,7126,1
7127,7127,1
7128,7128,1
7129,7129,1
7130,7130,1
7131,7131,1
7132,7132,1
7133,7133,1
7134,7134,1
7135,7135,1
7136,7136,1
7137,7137,1
7138,7138,1
7139,7139,1
7140,7140,1
7141,7141,1
7142,7142,1
7143,7143,1
7144,7144,1
7145,7145,1
7146,7146,1
7147,7147,1
7148,7148,1
7149,7149,1
7150,7150,1
7151,7151,1
7152,7152,1
7153,7153,1
7154,7154,1
7155,7155,1
7156,7156,1
7157,7157,1
7158,7158,1
7159,7159,1
7160,7160,1
7161,7161,1
7162,7162,1
7163,7163,1
7164,7164,1
7165,7165,1
7166,7166,1
7167,7167,1
7168,7168,1
7169,7169,1
7170,7170,1
7171,7171,1
7172,7172,1
7173,7173,1
7174,7174,1
7175,7175,1
7176,7176,1
7177,7177,1
7178,7178,1
7179,7179,1
7180,7180,1
7181,7181,1
7182,7182,1
7183,7183,1
7184,7184,1
7185,7185,1
7186,7186,1
7187,7187,1
7188,7188,1
7189,7189,1
7190,7190,1
7191,7191,1
7192,7192,1
7193,7193,1
7194,7194,1
7195,7195,1
7196,7196,1
7197,7197,1
7198,7198,1
7199,7199,1
7200,7200,1
7201,7201,1
7202,7202,1
7203,7203,1
7204,7204,1
7205,7205,1
7206,7206,1
7207,7207,1
7208,7208,1
7209,7209,1
7210,7210,1
7211,7211,1
7212,7212,1
7213,7213,1
7214,7214,1
7215,7215,1
7216,7216,1
7217,7217,1
7218,7218,1
7219,7219,1
7220,7220,1
7221,7221,1
7222,7222,1
7223,7223,1
7224,7224,1
7225,7225,1
7226,7226,1
7227,7227,1
7228,7228,1
7229,7229,1
7230,7230,1
7231,7231,1
7232,7232,1
7233,7233,1
7234,7234,1
7235,7235,1
7236,7236,1
7237,7237,1
7238,7238,1
7239,7239,1
7240,7240,1
7241,7241,1
7242,7242,1
7243,7243,1
7244,7244,1
7245,7245,1
7246,7246,1
7247,7247,1
7248,7248,1
7249,7249,1
7250,7250,1
7251,7251,1
7252,7252,1
7253,7253,1
7254,7254,1
7255,7255,1
7256,7256,1
7257,7257,1
7258,7258,1
7259,7259,1
7260,7260,1
7261,7261,1
7262,7262,1
7263,7263,1
7264,7264,1
7265,7265,1
7266,7266,1
7267,7267,1
7268,7268,1
7269,7269,1
7270,7270,1
7271,7271,1
7272,7272,1
7273,7273,1
7274,7274,1
7275,7275,1
7276,7276,1
7277,7277,1
7278,7278,1
7279,7279,1
7280,7280,1
7281,7281,1
7282,7282,1
7283,7283,1
7284,7284,1
7285,7285,1
7286,7286,1
7287,7287,1
7288,7288,1
7289,7289,1
7290,7290,1
7291,7291,1
7292,7292,1
7293,7293,1
7294,7294,1
7295,7295,1
7296,7296,1
7297,7297,1
7298,7298,1
7299,7299,1
7300,7300,1
7301,7301,1
7302,7302,1
7303,7303,1
7304,7304,1
7305,7305,1
7306,7306,1
7307,7307,1
7308,7308,1
7309,7309,1
7310,7310,1
7311,7311,1
7312,7312,1
7313,7313,1
7314,7314,1
7315,7315,1
7316,7316,1
7317,7317,1
7318,7318,1
7319,7319,1
7320,7320,1
7321,7321,1
7322,7322,1
7323,7323,1
7324,7324,1
7325,7325,1
7326,7326,1
7327,7327,1
7328,7328,1
7329,7329,1
7330,7330,1
7331,7331,1
7332,7332,1
7333,7333,1
7334,7334,1
7335,7335,1
7336,7336,1
7337,7337,1
7338,7338,1
7339,7339,1
7340,7340,1
7341,7341,1
7342,7342,1
7343,7343,1
7344,7344,1
7345,7345,1
7346,7346,1
7347,7347,1
7348,7348,1
7349,7349,1
7350,7350,1
7351,7351,1
7352,7352,1
7353,7353,1
7354,7354,1
7355,7355,1
7356,7356,1
7357,7357,1
7358,7358,1
7359,7359,1
7360,7360,1
7361,7361,1
7362,7362,1
7363,7363,1
7364,7364,1
7365,7365,1
7366,7366,1
7367,7367,1
7368,7368,1
7369,7369,1
7370,7370,1
7371,7371,1
7372,7372,1
7373,7373,1
7374,7374,1
7375,7375,1
7376,7376,1
7377,7377,1
7378,7378,1
7379,7379,1
7380,7380,1
7381,7381,1
7382,7382,1
7383,7383,1
7384,7384,1
7385,7385,1
7386,7386,1
7387,7387,1
7388,7388,1
7389,7389,1
7390,7390,1
7391,7391,1
7392,7392,1
7393,7393,1
7394,7394,1
7395,7395,1
7396,7396,1
7397,7397,1
7398,7398,1
7399,7399,1
7400,7400,1
7401,7401,1
7402,7402,1
7403,7403,1
7404,7404,1
7405,7405,1
7406,7406,1
7407,7407,1
7408,7408,1
7409,7409,1
7410,7410,1
7411,7411,1
7412,7412,1
7413,7413,1
7414,7414,1
7415,7415,1
7416,7416,1
7417,7417,1
7418,7418,1
7419,7419,1
7420,7420,1
7421,7421,1
7422,7422,1
7423,7423,1
7424,7424,1
7425,7425,1
7426,7426,1
7427,7427,1
7428,7428,1
7429,7429,1
7430,7430,1
7431,7431,1
7432,7432,1
7433,7433,1
7434,7434,1
7435,7435,1
7436,7436,1
7437,7437,1
7438,7438,1
7439,7439,1
7440,7440,1
7441,7441,1
7442,7442,1
7443,7443,1
7444,7444,1
7445,7445,1
7446,7446,1
7447,7447,1
7448,7448,1
7449,7449,1
7450,7450,1
7451,7451,1
7452,7452,1
7453,7453,1
7454,7454,1
9000,9000,1
9001,9001,1
9002,9002,1
9003,9003,1
9004,9004,1
9005,9005,1
9006,9006,1
9007,9007,1
9008,9008,1
9009,9009,1
9100,9100,1
9101,9101,1
9102,9102,1
9103,9103,1
9104,9104,1
9105,9105,1
9106,9106,1
9107,9107,1
9108,9108,1
9109,9109,1
9110,9110,1
9111,9111,1
9112,9112,1
9113,9113,1
9114,9114,1
9115,9115,1
9116,9116,1
9117,9117,1
9118,9118,1
9119,9119,1
