ID_Animal;ID_Pai;ID_Mae
1;3012;4055
2;3005;4210
3;3044;4102
4;3021;4480
0;3012;4315
6;3008;4022
7;3033;4198
8;3021;4256
9;3044;4001
10;3005;4333
3005;0;0
3008;0;0
3012;0;0
3021;0;0
3033;0;0
3044;0;0
4001;0;0
4022;0;0
4055;0;0
4102;0;0
4198;0;0
4210;0;0
4256;0;0
4315;0;0
4333;0;0
4480;0;0
4481;9008;9103
4482;3012;4198
4483;3012;4198
4484;3033;9105
4485;3021;4001
4486;3005;9105
4487;9004;9115
4488;3044;4480
4489;9003;9112
4490;9000;9114
4491;9008;9110
4492;9002;9103
4493;3005;9108
4494;9009;9115
4495;9000;9107
4496;3044;4022
4497;9004;9115
4498;3044;9112
4499;9003;9104
4500;9001;4480
4501;9009;9104
4502;9003;9105
4503;9002;4256
4504;9000;9115
4505;9005;4210
4506;9000;9106
4507;9004;9115
4508;9001;9114
4509;9007;4055
4510;9000;4022
4511;9002;9114
4512;9007;4198
4513;9008;4055
4514;9001;9115
4515;9005;9100
4516;3044;9115
4517;9004;4022
4518;3033;9110
4519;9002;9104
4520;9004;4256
4521;3005;4480
4522;9009;4315
4523;9001;9103
4524;9003;4480
4525;9006;4055
4526;9002;9118
4527;9005;9104
4528;3005;9113
4529;3021;9119
4530;9009;9117
4531;3008;9111
4532;3005;9102
4533;9005;9117
4534;3033;4333
4535;3012;4022
4536;9001;9117
4537;9009;4102
4538;9003;9114
4539;3033;9111
4540;3012;9104
4541;3033;9104
4542;3012;4198
4543;9004;4001
4544;9008;9102
4545;9002;4055
4546;9002;4315
4547;9003;9104
4548;9003;9116
4549;3044;9117
4550;9000;9112
4551;9000;9101
4552;9007;9101
4553;3005;4480
4554;3021;4102
4555;9004;4256
4556;9000;4333
4557;3033;9117
4558;9005;9104
4559;9001;4256
4560;9006;9112
4561;9001;9118
4562;3008;9119
4563;9004;4055
4564;9003;9107
4565;9004;4198
4566;9009;9112
4567;3008;4210
4568;3033;9103
4569;9001;9111
4570;3012;9118
4571;9006;9111
4572;9000;4210
4573;9008;4198
4574;9007;9105
4575;9009;9104
4576;9000;4102
4577;3021;4022
4578;9005;9113
4579;9002;9118
4580;3033;9112
4581;9006;9119
4582;9002;9119
4583;9009;9115
4584;9002;9119
4585;3008;9111
4586;3033;9103
4587;3044;9117
4588;9007;4102
4589;9007;4055
4590;3021;9106
4591;3005;9112
4592;3008;9113
4593;3021;9116
4594;9008;9117
4595;3021;4333
4596;9008;9100
4597;9000;4333
4598;9002;9114
4599;9003;9114
4600;9002;9105
4601;9003;4198
4602;9009;9114
4603;9009;9101
4604;9003;4333
4605;9003;9113
4606;9000;4210
4607;3012;9117
4608;9004;9107
4609;9009;4480
4610;3005;9102
4611;9007;9117
4612;9009;9102
4613;3033;9106
4614;3021;9118
4615;3033;4022
4616;9008;9114
4617;9000;4001
4618;9003;4102
4619;9004;9112
4620;9001;9115
4621;9009;4480
4622;9002;9119
4623;9003;9118
4624;3008;9114
4625;9004;9112
4626;9005;9112
4627;9003;9104
4628;9003;9108
4629;3005;9112
4630;9003;4055
4631;3005;9103
4632;9001;4102
4633;9007;4210
4634;3044;9103
4635;9009;4256
4636;9001;4333
4637;9008;9104
4638;9000;9119
4639;9007;9115
4640;9006;9103
4641;3021;9102
4642;9005;9108
4643;3005;9109
4644;3005;9117
4645;9007;4198
4646;9005;9108
4647;3033;9107
4648;9007;4102
4649;3033;9106
4650;3044;9102
4651;9003;4198
4652;3012;9116
4653;9006;9103
4654;9006;9115
4655;9000;9105
4656;3005;9110
4657;3033;4022
4658;3044;9109
4659;3021;9100
4660;9008;9108
4661;9004;4198
4662;3033;9116
4663;3044;4022
4664;9004;9116
4665;9004;4102
4666;9001;4198
4667;9000;4022
4668;9001;9116
4669;3008;4198
4670;3012;4102
4671;9001;4001
4672;9006;4315
4673;3021;9110
4674;9005;4001
4675;3008;4102
4676;3044;4210
4677;9004;9110
4678;9005;9118
4679;3008;9103
4680;9007;4102
4681;9004;9109
4682;9008;4315
4683;3021;9108
4684;3044;9106
4685;3033;4055
4686;9007;9100
4687;9001;4315
4688;3012;9111
4689;3005;4210
4690;9005;9101
4691;9000;9108
4692;3012;9100
4693;3012;9107
4694;9003;9117
4695;9003;9104
4696;9005;9108
4697;3021;9119
4698;9007;4333
4699;3012;4333
4700;9008;9103
4701;3044;9103
4702;9004;9100
4703;9008;4315
4704;9009;4001
4705;3044;4256
4706;3021;9117
4707;3012;9102
4708;3005;9114
4709;9003;9108
4710;9005;9107
4711;9005;9113
4712;9004;4333
4713;3005;9100
4714;3021;9107
4715;9000;9110
4716;9000;9114
4717;9003;9112
4718;3033;4210
4719;9000;4055
4720;3044;9105
4721;9008;4001
4722;9000;9109
4723;3005;9105
4724;3005;9112
4725;9000;9103
4726;3012;4315
4727;9004;9103
4728;9001;9109
4729;3008;9112
4730;9003;9107
4731;9005;4210
4732;9006;9115
4733;3021;9119
4734;9008;4210
4735;9006;4256
4736;3008;9113
4737;9000;9100
4738;9004;9108
4739;3021;9112
4740;9006;9117
4741;9006;9115
4742;3008;4102
4743;3012;4055
4744;3012;4333
4745;9001;4315
4746;9006;4102
4747;3008;9117
4748;9000;9113
4749;3008;4198
4750;9005;9112
4751;3044;9114
4752;3012;4055
4753;9003;9102
4754;3008;9110
4755;3044;9106
4756;9009;9118
4757;3021;4210
4758;9007;9112
4759;9001;4333
4760;9006;9108
4761;9009;4022
4762;9000;4333
4763;3021;9103
4764;3012;4210
4765;9001;9109
4766;9002;9115
4767;9002;9102
4768;9001;4198
4769;3021;4333
4770;9003;4480
4771;9005;9100
4772;3044;4333
4773;9006;4256
4774;3033;4102
4775;9002;9118
4776;9001;9114
4777;9002;9112
4778;9005;9113
4779;3008;9116
4780;9003;4210
4781;3008;9104
4782;9009;4022
4783;3012;9109
4784;9003;9114
4785;3033;9110
4786;9008;9118
4787;3012;9100
4788;9009;9114
4789;9005;9103
4790;9008;9102
4791;9008;9103
4792;9003;9118
4793;9005;9106
4794;3012;4480
4795;3021;4256
4796;9009;9104
4797;3044;9119
4798;9000;9113
4799;3021;9107
4800;9004;9113
4801;9000;9101
4802;3012;9117
4803;9001;9106
4804;9001;4055
4805;9008;9105
4806;9008;9107
4807;9005;9113
4808;3012;9105
4809;9008;9110
4810;3033;9105
4811;3012;4210
4812;9008;9103
4813;9000;9100
4814;9007;4480
4815;9002;9112
4816;9001;9106
4817;9001;9115
4818;3005;9112
4819;9005;9112
4820;3008;9106
4821;9007;9114
4822;9003;9106
4823;9004;9109
4824;9008;4333
4825;9000;4102
4826;9001;9105
4827;9007;9100
4828;9004;4055
4829;9000;9103
4830;9007;4198
4831;9000;4480
4832;9000;9118
4833;3044;9106
4834;3044;9115
4835;9007;9116
4836;9000;9118
4837;3033;9113
4838;9001;9102
4839;9002;9105
4840;3033;9104
4841;9007;9105
4842;9004;9114
4843;3044;9117
4844;9000;9101
4845;3008;4333
4846;9005;9110
4847;9001;4001
4848;3012;9104
4849;3044;9117
4850;9007;9117
4851;9006;4198
4852;3033;9110
4853;3012;9117
4854;3012;4315
4855;9003;4001
4856;3005;4198
4857;3033;4480
4858;9008;4102
4859;3012;9101
4860;3005;9100
4861;9009;9114
4862;3033;9116
4863;3021;4198
4864;9007;4256
4865;9000;9116
4866;9002;9110
4867;3044;4022
4868;9003;9109
4869;9000;9109
4870;9005;9101
4871;9008;4001
4872;9006;9100
4873;9006;4333
4874;9000;4333
4875;3021;9115
4876;9003;9101
4877;3012;9104
4878;9005;4333
4879;3008;9114
4880;3033;4055
4881;9007;4001
4882;9003;9107
4883;3021;9118
4884;3012;4256
4885;3008;4022
4886;9001;9103
4887;9009;9106
4888;3012;4256
4889;3005;9116
4890;3005;4333
4891;9004;4256
4892;9006;9103
4893;3008;9108
4894;9000;9102
4895;3033;9100
4896;9000;9102
4897;9000;9116
4898;9003;9109
4899;9006;9108
4900;3021;9108
4901;9003;9104
4902;9009;9117
4903;3008;9110
4904;9005;9116
4905;9008;9110
4906;9001;9102
4907;3008;4055
4908;3005;9106
4909;9007;4315
4910;3008;4333
4911;9005;4055
4912;3021;9115
4913;3005;4315
4914;3005;9111
4915;9003;9108
4916;3044;4055
4917;9002;9106
4918;9008;4001
4919;9008;4480
4920;3033;4333
4921;3021;9113
4922;3005;9105
4923;9008;9102
4924;3012;4480
4925;9005;4102
4926;9000;4256
4927;9002;4480
4928;9005;4055
4929;9003;9111
4930;9000;4210
4931;3008;9116
4932;9005;9100
4933;3044;9108
4934;3012;9106
4935;9001;4315
4936;9005;9110
4937;9009;4315
4938;3008;9112
4939;3021;9103
4940;3044;9105
4941;9004;4022
4942;9003;9111
4943;9004;4102
4944;9009;9104
4945;9006;9104
4946;9001;9106
4947;3008;4001
4948;3012;4480
4949;9008;9104
4950;3012;9119
4951;3005;9105
4952;9001;9101
4953;9002;9109
4954;9000;9107
4955;9009;9112
4956;3008;9103
4957;9009;4210
4958;9009;9107
4959;9003;9109
4960;3021;9104
4961;9002;4333
4962;3005;9101
4963;9008;4055
4964;3021;9112
4965;9002;9105
4966;3044;9106
4967;3012;9109
4968;9005;9104
4969;9000;9106
4970;9001;9116
4971;3005;4333
4972;9001;4001
4973;9009;9111
4974;3021;4001
4975;9000;9116
4976;9005;9100
4977;9000;9111
4978;3008;9114
4979;3044;4055
4980;3012;9103
4981;3033;9117
4982;9003;4022
4983;3012;9109
4984;3012;9101
4985;9009;4210
4986;9009;4333
4987;9000;4102
4988;9005;4001
4989;9008;4022
4990;3012;9104
4991;9009;9119
4992;9002;9112
4993;9003;9105
4994;9008;9101
4995;3012;9110
4996;3008;4001
4997;3044;4001
4998;3021;9105
4999;3044;9112
5000;9003;9109
5001;3012;9104
5002;9000;9110
5003;9003;4001
5004;9004;9108
5005;3044;9113
5006;9005;4480
5007;3005;9116
5008;9008;9104
5009;9006;9102
5010;9006;4333
5011;3021;9109
5012;9000;4022
5013;9006;4315
5014;9008;9109
5015;3033;9108
5016;9006;4256
5017;3044;9119
5018;3012;4198
5019;9007;4210
5020;9002;9113
5021;3033;9101
5022;9000;9109
5023;3033;9100
5024;3012;4315
5025;9004;9102
5026;3033;4001
5027;3005;9110
5028;9009;4022
5029;3021;9113
5030;3033;4333
5031;9003;9100
5032;9003;4001
5033;9005;9102
5034;3012;9108
5035;9008;4256
5036;9003;4102
5037;9001;4022
5038;9005;9109
5039;9005;9119
5040;3012;9114
5041;9009;4055
5042;3008;4001
5043;3008;9113
5044;9003;9108
5045;9004;4198
5046;9006;9100
5047;9003;9110
5048;9006;4256
5049;3021;4055
5050;9004;9101
5051;9000;9109
5052;3044;9115
5053;9001;9102
5054;3005;9104
5055;9002;9102
5056;3021;9114
5057;9005;4001
5058;9002;4102
5059;9004;9101
5060;9004;9118
5061;9002;9112
5062;3044;9115
5063;9005;9110
5064;3044;9114
5065;9000;9119
5066;3044;9106
5067;9003;4210
5068;3012;9102
5069;9003;9107
5070;9004;9116
5071;9006;9102
5072;9004;9111
5073;3021;9116
5074;3012;9108
5075;9005;9112
5076;3005;9117
5077;3033;9117
5078;9002;9105
5079;9003;4198
5080;9008;9100
5081;3005;9114
5082;9000;4210
5083;3033;4022
5084;9009;9103
5085;3033;4055
5086;9003;9115
5087;9009;9116
5088;9002;4022
5089;3044;4333
5090;9003;9107
5091;9007;9101
5092;9006;4001
5093;3021;9117
5094;9005;4480
5095;9006;4198
5096;9004;9101
5097;9002;9109
5098;9006;9117
5099;9000;4001
5100;3012;9102
5101;3021;9118
5102;3008;9111
5103;9002;9117
5104;3021;9111
5105;9004;9116
5106;9007;9103
5107;9009;4480
5108;3033;4480
5109;9007;4333
5110;9000;4102
5111;9006;9119
5112;3012;9109
5113;3021;9117
5114;3012;9106
5115;3012;9118
5116;9004;9118
5117;9005;9100
5118;3044;4315
5119;3005;9101
5120;9002;9107
5121;9006;9106
5122;9007;4102
5123;9006;4480
5124;9006;9112
5125;9003;9116
5126;3033;9119
5127;3008;9103
5128;9009;9116
5129;3021;9105
5130;9004;9118
5131;3005;9119
5132;9001;9104
5133;9006;4480
5134;9009;9101
5135;9003;4333
5136;9003;9118
5137;3033;4210
5138;3044;9117
5139;9008;4055
5140;9003;4055
5141;3033;9116
5142;3005;9118
5143;9001;9105
5144;9003;9106
5145;3021;9101
5146;9007;4480
5147;9000;4055
5148;9005;4333
5149;3012;9112
5150;9002;9110
5151;9009;9106
5152;9002;9112
5153;3008;4480
5154;9004;4022
5155;3033;9102
5156;3005;9115
5157;9002;9106
5158;3021;4480
5159;3021;9100
5160;9005;9118
5161;9004;9119
5162;9000;9106
5163;3012;4102
5164;9009;4198
5165;9007;4315
5166;9002;9118
5167;3008;9114
5168;9005;9114
5169;9005;9103
5170;9001;9100
5171;3033;9101
5172;9009;9110
5173;3008;9108
5174;9009;9100
5175;3021;9109
5176;3008;9110
5177;9000;4333
5178;3008;9102
5179;9004;9101
5180;9002;9107
5181;9000;9102
5182;3005;9118
5183;3044;4055
5184;3021;9113
5185;3008;4055
5186;3044;4315
5187;9001;4480
5188;9006;9107
5189;9000;9103
5190;9009;9101
5191;3012;4256
5192;9001;4022
5193;3008;4102
5194;9006;9109
5195;3044;9116
5196;9008;9104
5197;3021;9118
5198;3012;4480
5199;3021;9105
5200;9001;4256
5201;9000;9112
5202;9001;9102
5203;3008;9106
5204;3008;4102
5205;3033;4480
5206;3021;9103
5207;9006;4055
5208;3033;9115
5209;3044;9107
5210;9008;9113
5211;9009;9105
5212;3044;9108
5213;3044;9101
5214;3033;9101
5215;9002;9104
5216;9009;9119
5217;9007;9119
5218;9005;9102
5219;9002;4001
5220;3021;9109
5221;9003;4333
5222;3021;9108
5223;9002;4333
5224;3005;9108
5225;9006;9100
5226;9004;4198
5227;9005;4102
5228;9007;4480
5229;9001;9111
5230;3033;9112
5231;9007;4022
5232;3044;4001
5233;9005;9107
5234;3005;4198
5235;9004;9104
5236;3005;9109
5237;9009;9100
5238;9004;9106
5239;3021;4256
5240;3021;9103
5241;9004;4102
5242;9002;9109
5243;9007;9103
5244;9000;9102
5245;3044;9117
5246;9008;9115
5247;3044;4315
5248;9004;9103
5249;3008;4055
5250;9006;4022
5251;3012;4480
5252;9003;9118
5253;3044;9108
5254;9004;4480
5255;3033;9115
5256;9000;9101
5257;9006;9110
5258;9008;9109
5259;3033;9115
5260;9002;9113
5261;3012;9112
5262;3021;9102
5263;9002;9111
5264;3033;9104
5265;9003;9100
5266;3021;4198
5267;9003;9102
5268;9006;9103
5269;9009;4210
5270;9005;9116
5271;9000;9107
5272;3021;9114
5273;9003;9102
5274;9009;4333
5275;9000;9117
5276;9006;9116
5277;3021;9117
5278;9007;9114
5279;9003;9110
5280;9008;9101
5281;9008;4333
5282;3044;9114
5283;9001;4102
5284;9001;9110
5285;9009;4055
5286;3044;4198
5287;3012;9109
5288;3008;4315
5289;9003;9119
5290;3008;4480
5291;9001;9110
5292;9007;4055
5293;9005;9119
5294;3005;9104
5295;3005;4022
5296;9008;4022
5297;9009;4022
5298;3021;9119
5299;9003;9103
5300;9000;9105
5301;3021;9111
5302;9003;4198
5303;9003;4001
5304;9000;9109
5305;3021;4315
5306;3008;9101
5307;9001;9109
5308;9009;4210
5309;3021;4315
5310;9008;4315
5311;3021;4022
5312;9000;9103
5313;3005;4022
5314;9005;9112
5315;3008;4102
5316;9009;4198
5317;9003;9100
5318;9004;4102
5319;3021;4210
5320;9000;9100
5321;9000;9109
5322;3044;4001
5323;9001;9103
5324;9001;4001
5325;9001;4001
5326;3033;4256
5327;3021;9115
5328;9009;9119
5329;9003;9103
5330;9002;4480
5331;3005;9105
5332;9001;9101
5333;9000;9110
5334;3008;9100
5335;9003;9105
5336;3012;9119
5337;9000;9116
5338;3033;9102
5339;3005;9117
5340;3005;9105
5341;9009;9115
5342;9003;9104
5343;3033;9119
5344;9007;9103
5345;9004;4198
5346;9003;4210
5347;9005;9113
5348;9005;9112
5349;3033;9112
5350;9001;4022
5351;9003;4001
5352;9007;4198
5353;9005;9113
5354;3044;9105
5355;3012;9111
5356;3021;9106
5357;3044;4022
5358;3008;4256
5359;3012;9109
5360;3021;9102
5361;9008;9104
5362;9008;4210
5363;9008;9112
5364;9003;9119
5365;3012;4210
5366;9008;9117
5367;3033;9115
5368;3005;9104
5369;9006;9113
5370;9008;4480
5371;3021;9112
5372;9000;4333
5373;9001;4315
5374;9005;4055
5375;9005;9107
5376;9000;9107
5377;9004;9102
5378;9009;9113
5379;3008;9111
5380;3005;9106
5381;9000;9108
5382;9008;9116
5383;3044;9116
5384;9007;9115
5385;3033;4256
5386;9005;9113
5387;9002;4001
5388;9006;9109
5389;9001;4480
5390;3033;9102
5391;3008;9104
5392;9003;4333
5393;3012;9103
5394;3021;9117
5395;9009;9106
5396;9001;4001
5397;3033;4001
5398;9000;9118
5399;3021;9119
5400;9009;9104
5401;9005;9103
5402;3033;4001
5403;9007;4022
5404;9008;9115
5405;9006;4001
5406;9006;9109
5407;9000;9102
5408;9001;9116
5409;3005;9110
5410;3021;9107
5411;9009;4001
5412;9009;9118
5413;3044;9102
5414;9001;9109
5415;9007;9101
5416;3033;4055
5417;3012;9103
5418;9003;9110
5419;9000;4055
5420;9008;9102
5421;3044;4315
5422;3033;9111
5423;9007;9119
5424;3044;9101
5425;9001;4022
5426;9000;9116
5427;9009;9103
5428;9006;9112
5429;9006;9107
5430;3005;9109
5431;3044;9109
5432;9005;9106
5433;3005;4480
5434;3033;4198
5435;9002;9114
5436;9008;4055
5437;3033;9102
5438;3021;4102
5439;3008;4256
5440;9004;4210
5441;3005;4480
5442;9009;9101
5443;9005;4333
5444;3033;9109
5445;9009;4055
5446;3021;9107
5447;3008;9115
5448;3012;9100
5449;9001;9112
5450;9008;9107
5451;3012;9118
5452;3033;9103
5453;3021;4055
5454;3012;9103
5455;9009;9110
5456;9002;9106
5457;9000;9103
5458;9002;9106
5459;9002;9105
5460;9001;9118
5461;3008;9119
5462;9003;9102
5463;9003;9113
5464;9000;9103
5465;9002;4102
5466;9002;9106
5467;9000;9115
5468;3005;4022
5469;3044;9101
5470;3012;4198
5471;9008;4210
5472;3021;4055
5473;9001;9113
5474;9008;9100
5475;3033;9119
5476;3021;9116
5477;9004;9105
5478;9003;4198
5479;9005;9106
5480;3005;9101
5481;3012;9109
5482;9005;4256
5483;9007;4315
5484;9000;9115
5485;9005;9100
5486;3033;4198
5487;3012;9112
5488;9009;9110
5489;3044;9111
5490;9005;4480
5491;9008;9119
5492;9007;9108
5493;9007;9100
5494;3005;4198
5495;9000;9117
5496;9006;9118
5497;9006;9107
5498;3044;9119
5499;9004;9117
5500;9008;9110
5501;3008;9119
5502;9003;9118
5503;9000;9106
5504;9006;9105
5505;9003;9117
5506;9000;9114
5507;9006;9115
5508;9003;9119
5509;9007;9109
5510;3008;9118
5511;9004;4198
5512;3012;9111
5513;9001;4315
5514;3044;9106
5515;9002;9116
5516;3033;9113
5517;9006;4001
5518;3005;9105
5519;9004;9108
5520;9005;4315
5521;3021;9101
5522;3008;4055
5523;3044;9107
5524;9001;9117
5525;3012;9118
5526;3044;9119
5527;9001;9107
5528;9003;9110
5529;9003;9116
5530;9004;4001
5531;9001;9119
5532;3044;4315
5533;3005;9114
5534;3033;9118
5535;9005;9112
5536;9007;9102
5537;3021;9116
5538;9002;4333
5539;9007;9106
5540;9008;9109
5541;3005;9112
5542;9000;9119
5543;9002;4315
5544;9006;9104
5545;3005;4001
5546;3012;4001
5547;9004;4480
5548;3005;4480
5549;9002;9118
5550;3005;9113
5551;9000;9103
5552;3033;9102
5553;9006;9101
5554;3012;9100
5555;3021;9101
5556;3033;9117
5557;3005;9118
5558;9000;9100
5559;9009;9102
5560;9008;9108
5561;3044;9106
5562;9001;9119
5563;9005;9102
5564;3012;9111
5565;9009;9100
5566;9000;4022
5567;9000;4210
5568;3044;9103
5569;9001;4256
5570;3012;4210
5571;3005;4256
5572;3033;4102
5573;9003;9110
5574;9005;9100
5575;9001;9118
5576;3021;9105
5577;9006;9114
5578;9007;9103
5579;9007;4315
5580;9006;4333
5581;9007;4210
5582;3005;9112
5583;9004;9109
5584;9001;4480
5585;3012;9107
5586;3005;4102
5587;3005;9103
5588;9004;9117
5589;9005;4001
5590;9004;9102
5591;9006;9111
5592;9003;4315
5593;9002;9102
5594;9004;9119
5595;9003;4022
5596;9001;9112
5597;3005;9108
5598;3021;4315
5599;9005;9107
5600;9005;4198
5601;9005;9100
5602;9001;4315
5603;3005;4315
5604;3012;4315
5605;9007;9114
5606;9002;9113
5607;9001;4055
5608;3005;9110
5609;3008;4001
5610;9001;9106
5611;9001;4102
5612;9000;9111
5613;3005;9112
5614;3005;9118
5615;9005;4198
5616;3033;9113
5617;9000;9112
5618;3008;9108
5619;9008;9108
5620;9008;4198
5621;3021;4102
5622;9000;4001
5623;9003;9105
5624;3021;4333
5625;3005;9104
5626;9002;4001
5627;3012;9104
5628;3012;4256
5629;9008;4210
5630;9006;4210
5631;3044;4315
5632;9003;9101
5633;3012;9108
5634;3033;4102
5635;9003;4102
5636;9003;4022
5637;9009;4256
5638;9005;9117
5639;9002;9118
5640;9006;9117
5641;9001;4102
5642;3012;9111
5643;3012;9102
5644;9004;9102
5645;9004;4256
5646;3008;4102
5647;3008;9106
5648;3012;9119
5649;9000;9102
5650;3021;4001
5651;3005;9103
5652;3021;9110
5653;9000;9104
5654;9007;9101
5655;3021;9101
5656;3008;4198
5657;9008;9102
5658;9006;9114
5659;9004;4001
5660;3005;9111
5661;9003;4210
5662;9008;4198
5663;9001;4055
5664;9000;9105
5665;3044;9110
5666;9005;9111
5667;9000;4102
5668;9001;9102
5669;9002;9102
5670;9006;9114
5671;3033;9106
5672;9009;9117
5673;9002;4102
5674;9000;9112
5675;3044;4022
5676;3008;9105
5677;3012;4055
5678;9001;9118
5679;3012;9118
5680;9007;9111
5681;9009;9105
5682;9002;9106
5683;9006;9117
5684;9004;9115
5685;9005;4022
5686;3033;4210
5687;3044;9112
5688;3021;4210
5689;9007;4480
5690;3005;9104
5691;3044;4315
5692;9007;9113
5693;9009;4333
5694;9005;9112
5695;9000;9112
5696;9007;4001
5697;3021;4333
5698;9007;9118
5699;9009;4055
5700;9002;9104
5701;9002;9109
5702;9008;4315
5703;9004;4102
5704;9006;4315
5705;3033;9104
5706;3005;9117
5707;9002;4480
5708;3033;4102
5709;9003;9112
5710;9007;9101
5711;3021;9106
5712;3033;4256
5713;9006;9116
5714;9005;9115
5715;3044;9102
5716;9003;4198
5717;3005;9100
5718;9006;9119
5719;3005;9111
5720;9000;9117
5721;9006;9113
5722;9009;9119
5723;3012;9119
5724;3005;9113
5725;3033;9101
5726;3033;9109
5727;3033;9115
5728;3033;4333
5729;9006;9116
5730;3008;9104
5731;3044;4055
5732;9000;9118
5733;9002;9116
5734;9009;4022
5735;9002;4055
5736;9003;9112
5737;9005;9119
5738;9009;9113
5739;9008;9103
5740;9005;4480
5741;9008;4198
5742;3008;9110
5743;9005;9110
5744;9000;4001
5745;9003;9104
5746;3021;9105
5747;3005;4315
5748;9005;4480
5749;9000;9118
5750;9006;9113
5751;3005;4480
5752;9003;4480
5753;9000;9100
5754;9001;4480
5755;9005;9116
5756;9007;9113
5757;3008;9104
5758;9006;9106
5759;9009;9114
5760;9002;9100
5761;9008;9101
5762;9006;9104
5763;9002;9119
5764;9004;9110
5765;9006;9116
5766;9007;9117
5767;9001;4022
5768;9008;4055
5769;9004;9112
5770;3021;9114
5771;9000;9105
5772;9009;9111
5773;3021;9115
5774;9005;4480
5775;3021;9111
5776;9007;4480
5777;9003;9109
5778;9003;9102
5779;9004;4480
5780;9000;9116
5781;9002;9113
5782;3044;9103
5783;9001;9114
5784;3033;4480
5785;9001;9114
5786;9004;9117
5787;9001;9100
5788;3021;9116
5789;9004;4198
5790;3021;9117
5791;9005;9102
5792;3008;4210
5793;9008;9106
5794;9004;4480
5795;3044;4198
5796;9002;9115
5797;9000;9110
5798;9005;9116
5799;9000;9115
5800;9001;9119
5801;9003;9119
5802;3005;4315
5803;9002;4198
5804;9000;9106
5805;3008;4210
5806;9006;4256
5807;9006;4055
5808;9001;4333
5809;9003;9108
5810;9005;9109
5811;9009;9106
5812;3021;9106
5813;9003;4256
5814;9001;9115
5815;9006;9117
5816;9005;9115
5817;3044;9108
5818;9002;9106
5819;3033;4480
5820;9009;9116
5821;9003;9118
5822;9004;9114
5823;3012;4102
5824;3012;9107
5825;9000;9118
5826;3021;9104
5827;9001;4022
5828;9009;4480
5829;9009;9109
5830;3044;4055
5831;9009;4198
5832;3044;4210
5833;9005;9107
5834;9009;9114
5835;9001;9109
5836;9002;4001
5837;9000;9119
5838;9002;9103
5839;3021;9118
5840;9008;4001
5841;3033;9103
5842;9004;9102
5843;3005;9103
5844;9003;9115
5845;9001;9102
5846;9002;9117
5847;3044;9118
5848;9006;4315
5849;3044;9109
5850;9003;9108
5851;3008;9116
5852;9004;9109
5853;9000;4102
5854;9003;9111
5855;9002;9106
5856;3012;4001
5857;9004;9107
5858;3021;9104
5859;3005;9101
5860;3021;9103
5861;3033;9103
5862;9001;9111
5863;9004;9116
5864;9000;4256
5865;3005;9111
5866;9006;9117
5867;9003;4198
5868;3012;4333
5869;9002;9117
5870;3021;4022
5871;9003;9104
5872;9003;9119
5873;9008;4001
5874;9009;9101
5875;3021;4102
5876;9000;9117
5877;9007;9110
5878;9004;4210
5879;9005;4333
5880;3012;9117
5881;3008;9107
5882;3044;9109
5883;9004;9110
5884;9007;9105
5885;9008;9117
5886;3021;9113
5887;9009;4315
5888;3021;4333
5889;9005;9110
5890;9001;4256
5891;9005;9109
5892;3012;9111
5893;9009;9107
5894;9000;9105
5895;3005;9101
5896;9008;9108
5897;9006;4198
5898;9008;4256
5899;9002;9113
5900;9008;4198
5901;9008;4210
5902;9007;9110
5903;9000;9107
5904;9001;9118
5905;9006;4256
5906;3008;9106
5907;9004;9109
5908;9001;9113
5909;3008;9117
5910;3021;4022
5911;9006;9109
5912;9003;9109
5913;9003;9116
5914;3005;4198
5915;9006;4256
5916;9003;9104
5917;9000;9115
5918;9006;9117
5919;9007;9119
5920;9006;9119
5921;9003;9107
5922;9003;4256
5923;9008;4333
5924;3044;9118
5925;3005;4102
5926;9000;9110
5927;9001;9110
5928;9008;9102
5929;9004;9105
5930;9001;9119
5931;3005;9118
5932;9007;4001
5933;9000;4001
5934;9001;9112
5935;9003;4102
5936;9007;9100
5937;3033;9105
5938;9000;4210
5939;9001;9101
5940;9004;9112
5941;3005;4256
5942;3005;9101
5943;9000;9113
5944;9003;4333
5945;3012;9114
5946;9003;9115
5947;3021;4055
5948;9002;4198
5949;9001;9110
5950;3044;9102
5951;3044;9109
5952;9007;9110
5953;9009;4333
5954;9003;9104
5955;9005;9109
5956;9001;9118
5957;3005;9118
5958;3008;9104
5959;3008;4210
5960;9000;9112
5961;3033;9100
5962;9008;4315
5963;9004;9108
5964;9002;9111
5965;3008;4333
5966;3033;9107
5967;3044;4480
5968;3033;4022
5969;9000;9118
5970;3008;4055
5971;9007;9111
5972;9004;9110
5973;9005;9101
5974;9002;9114
5975;3021;9105
5976;9008;9106
5977;9004;4315
5978;3021;9106
5979;9004;4022
5980;9008;9110
5981;3021;9112
5982;9000;4198
5983;3012;9107
5984;9008;9116
5985;9009;9100
5986;3021;4333
5987;9008;9103
5988;9002;4022
5989;3008;4198
5990;9009;4315
5991;9000;4001
5992;9004;9116
5993;9007;4210
5994;9006;4480
5995;3044;9100
5996;9002;4055
5997;3005;9118
5998;9002;9118
5999;3005;4315
6000;9001;4256
6001;9005;9113
6002;9009;9104
6003;3005;9101
6004;9003;9102
6005;9004;9113
6006;3044;9108
6007;9004;9105
6008;3012;4022
6009;3008;4333
6010;9006;9119
6011;3044;9111
6012;3021;4102
6013;3033;4210
6014;9004;9110
6015;9002;9116
6016;9009;4055
6017;9009;4210
6018;9007;4102
6019;9001;4480
6020;3044;9108
6021;9002;4480
6022;3021;4256
6023;3005;4333
6024;3021;9117
6025;9007;9117
6026;3044;4333
6027;9000;4001
6028;3005;4022
6029;3044;4480
6030;9000;9110
6031;9003;4102
6032;9006;9112
6033;9004;4210
6034;9005;4055
6035;9003;9106
6036;3012;4315
6037;9009;9112
6038;9004;4055
6039;9006;9100
6040;9001;4055
6041;9000;9116
6042;3044;9101
6043;9004;4001
6044;3021;4480
6045;3005;4102
6046;9008;9108
6047;3008;4333
6048;9002;9106
6049;3008;4102
6050;9009;9108
6051;9005;9116
6052;9000;9107
6053;9007;4198
6054;9000;9117
6055;3012;9113
6056;9008;4022
6057;3021;9119
6058;3008;9117
6059;9003;4333
6060;9008;4210
6061;9007;4198
6062;9008;9102
6063;9009;4198
6064;9004;9104
6065;3021;4055
6066;9000;9112
6067;9002;9107
6068;9007;4001
6069;9000;9106
6070;3044;9102
6071;9008;9100
6072;9002;9101
6073;9000;4333
6074;9008;9101
6075;3005;4022
6076;3033;4102
6077;9008;9100
6078;9007;9109
6079;9006;9116
6080;3033;4315
6081;3012;9117
6082;9008;9118
6083;9000;4480
6084;9002;9105
6085;9002;9101
6086;3033;9104
6087;9009;9104
6088;3005;9119
6089;3005;9103
6090;9006;9100
6091;9002;4315
6092;3021;9112
6093;3008;4315
6094;3012;9101
6095;9000;4102
6096;9006;9102
6097;9000;4256
6098;9006;9110
6099;9000;4333
6100;9006;9106
6101;3012;9116
6102;9001;9101
6103;9009;9107
6104;9008;9112
6105;3033;9115
6106;3008;4480
6107;9003;4198
6108;3044;9106
6109;9001;9103
6110;3008;9110
6111;9004;4022
6112;9009;4256
6113;9007;9110
6114;3021;9113
6115;9001;4022
6116;9006;9101
6117;9008;4256
6118;3021;4001
6119;3005;9107
6120;9003;9103
6121;3021;9107
6122;9007;9111
6123;3008;9112
6124;9005;9105
6125;9005;4256
6126;9007;4315
6127;9006;9111
6128;3033;4022
6129;9000;9103
6130;9001;4055
6131;9006;9106
6132;3021;4198
6133;9005;4022
6134;3012;9108
6135;3021;4055
6136;9006;9111
6137;9005;4256
6138;3005;9118
6139;9007;9106
6140;3044;9111
6141;3012;9109
6142;9000;4102
6143;9009;9101
6144;9009;9106
6145;9006;9101
6146;9000;9108
6147;3044;9108
6148;9003;9110
6149;9005;9110
6150;3012;9112
6151;3005;4256
6152;9008;4210
6153;3012;4055
6154;9004;9111
6155;3033;9112
6156;9006;9112
6157;9008;4210
6158;9006;4210
6159;3005;4055
6160;3033;9109
6161;3044;9108
6162;3033;9112
6163;9008;4256
6164;9003;9116
6165;9002;4315
6166;3044;9101
6167;9009;9103
6168;3012;9117
6169;3008;9111
6170;9002;9108
6171;9004;9104
6172;9004;9115
6173;3012;4333
6174;3033;4102
6175;9006;9100
6176;9005;9104
6177;9006;9113
6178;3044;9111
6179;9003;9119
6180;9005;4256
6181;9000;9113
6182;9005;9106
6183;9006;9111
6184;9003;9114
6185;3005;4210
6186;9005;9106
6187;3021;4210
6188;9002;4001
6189;9000;4315
6190;9002;9109
6191;9004;4480
6192;3008;9104
6193;9004;9111
6194;3021;4055
6195;9000;9104
6196;9007;4001
6197;9004;4315
6198;9002;4198
6199;9008;9113
6200;3008;9106
6201;9006;9110
6202;9008;4480
6203;9003;9114
6204;9009;9110
6205;9002;9103
6206;9007;9100
6207;3012;9106
6208;9007;9115
6209;3008;9114
6210;9005;9117
6211;9000;9105
6212;9002;9106
6213;3008;4480
6214;9005;9104
6215;3033;4102
6216;3044;9104
6217;9004;9103
6218;9003;9119
6219;9008;4055
6220;3021;9114
6221;3021;9103
6222;3044;9110
6223;9007;4256
6224;9006;9104
6225;3021;9103
6226;9006;9113
6227;3033;4198
6228;3044;9117
6229;3021;4198
6230;9001;9108
6231;3005;9111
6232;3044;9109
6233;9000;9104
6234;3044;4198
6235;9003;9102
6236;9003;4210
6237;9008;9102
6238;9001;4480
6239;9005;9105
6240;9006;9119
6241;3021;4256
6242;9003;9113
6243;9005;9109
6244;3012;9114
6245;3021;9112
6246;9000;9116
6247;3021;9106
6248;9006;9111
6249;9003;4022
6250;3033;9109
6251;9002;9113
6252;3012;4480
6253;3021;9109
6254;9007;4480
6255;3044;9102
6256;9006;4256
6257;3021;4210
6258;3033;4102
6259;9009;9114
6260;9007;9102
6261;9007;9111
6262;9009;9101
6263;9008;9105
6264;9007;9112
6265;9006;4001
6266;9005;9101
6267;9002;9111
6268;9000;4315
6269;9007;9109
6270;3005;9109
6271;9006;9107
6272;9008;9100
6273;9001;9116
6274;3021;9115
6275;9007;9103
6276;3021;9103
6277;3008;4333
6278;9000;9117
6279;9003;9103
6280;3005;4315
6281;9000;9113
6282;9008;9100
6283;9004;4315
6284;3033;9115
6285;3012;9114
6286;9002;4055
6287;9002;9114
6288;3012;9107
6289;9008;9115
6290;9005;9118
6291;9007;9105
6292;9006;4315
6293;3008;4198
6294;3033;9118
6295;3005;9108
6296;3021;4198
6297;9008;9118
6298;9006;9117
6299;3008;9119
6300;9008;4102
6301;3033;4022
6302;9002;9116
6303;3005;9107
6304;9000;9106
6305;3044;9100
6306;9000;9111
6307;9003;9113
6308;3021;9110
6309;3033;4001
6310;3012;9119
6311;9003;9117
6312;9008;9109
6313;3012;4256
6314;9009;9102
6315;9006;9110
6316;3033;9109
6317;9007;9101
6318;9009;4198
6319;9005;4333
6320;3044;9104
6321;9000;4198
6322;3021;9103
6323;9001;4001
6324;9009;4210
6325;3005;9112
6326;9008;9103
6327;3033;4055
6328;9009;9117
6329;9004;4198
6330;9005;4022
6331;3044;9105
6332;9006;9119
6333;9006;9111
6334;9006;9104
6335;9009;9100
6336;3008;4256
6337;9001;4256
6338;9004;9102
6339;9001;9102
6340;9008;4333
6341;3005;9117
6342;9004;9119
6343;9002;9111
6344;9008;9107
6345;3008;9109
6346;3033;9113
6347;9002;9100
6348;9004;4102
6349;9004;9103
6350;9007;9103
6351;9005;9108
6352;9009;9105
6353;3044;4480
6354;9002;9106
6355;9004;9116
6356;9004;9115
6357;9009;9102
6358;9001;9114
6359;3033;4102
6360;3021;9101
6361;9005;9103
6362;9001;9102
6363;9007;9110
6364;9001;9116
6365;3044;4102
6366;9001;9102
6367;9002;4210
6368;9006;4022
6369;9006;4480
6370;3033;9104
6371;9000;4055
6372;3044;9103
6373;3005;9110
6374;3005;4315
6375;9007;9107
6376;9005;4022
6377;9001;4055
6378;9002;9104
6379;3021;9103
6380;3044;4210
6381;3033;4480
6382;3008;9114
6383;9001;9114
6384;3033;9114
6385;9001;9114
6386;3044;4102
6387;3033;9114
6388;9001;9104
6389;9006;9103
6390;9000;9110
6391;3005;9102
6392;3005;9117
6393;3008;9108
6394;9006;9109
6395;9001;9115
6396;3044;9116
6397;9001;9114
6398;3044;4055
6399;3033;4055
6400;9007;4256
6401;9007;9107
6402;3012;9106
6403;9007;4333
6404;9006;4333
6405;9006;4256
6406;3021;9116
6407;3033;9115
6408;3033;4102
6409;9003;9117
6410;9000;9111
6411;9001;4315
6412;9007;9100
6413;9006;9103
6414;9009;4480
6415;3012;9103
6416;9006;9105
6417;9007;4102
6418;9004;4333
6419;9001;9108
6420;9004;4102
6421;3008;9115
6422;9000;9113
6423;3033;9110
6424;9002;4102
6425;9003;9112
6426;3008;4210
6427;3033;4480
6428;3033;4315
6429;3021;9102
6430;9000;9118
6431;3044;9105
6432;3044;4001
6433;3044;4022
6434;9007;9104
6435;3044;9103
6436;9008;4198
6437;3021;9110
6438;9005;9107
6439;9001;4210
6440;9005;4315
6441;9001;9116
6442;3005;4198
6443;3008;4102
6444;3005;9115
6445;9004;9119
6446;3012;4055
6447;9005;9103
6448;3005;9103
6449;9005;4256
6450;3033;9119
6451;3044;9101
6452;3021;4333
6453;9002;9103
6454;3005;4256
6455;3012;9101
6456;3033;4055
6457;9008;9104
6458;9003;9109
6459;3021;4256
6460;9008;9109
6461;9001;9103
6462;9001;4001
6463;9003;4480
6464;9004;9106
6465;9001;9118
6466;3044;9118
6467;9002;9101
6468;9005;9107
6469;9005;4210
6470;3021;9110
6471;3021;9110
6472;3012;9102
6473;9004;9102
6474;3005;4102
6475;9005;9103
6476;9008;9110
6477;3012;9114
6478;9004;9109
6479;3033;9100
6480;9004;4480
6481;3005;9106
6482;9005;9119
6483;3012;9104
6484;9008;9114
6485;3005;9114
6486;9009;9107
6487;3005;9100
6488;3033;9107
6489;3008;9107
6490;3021;9106
6491;3008;4315
6492;3012;4315
6493;3033;4001
6494;3005;9104
6495;3005;9105
6496;9008;9111
6497;3044;9109
6498;9000;4022
6499;9006;9107
6500;3008;9104
6501;3008;9104
6502;9008;9110
6503;3033;9105
6504;9006;9102
6505;3005;9100
6506;9008;9111
6507;3021;4480
6508;9002;9114
6509;9008;9109
6510;3008;9102
6511;9007;9116
6512;3033;9118
6513;9009;4333
6514;9002;4210
6515;9002;4315
6516;3005;9118
6517;3012;9100
6518;9003;9113
6519;3021;4022
6520;9001;4055
6521;9004;4256
6522;9003;9102
6523;3021;9102
6524;9009;9112
6525;9004;4102
6526;9004;9109
6527;9001;9106
6528;9007;4198
6529;3044;9119
6530;3021;4333
6531;3033;9116
6532;3005;9105
6533;3044;9113
6534;9002;4055
6535;9006;4256
6536;9003;4480
6537;3005;9105
6538;9007;4001
6539;3033;9104
6540;9001;4198
6541;9007;4315
6542;9007;9115
6543;9000;9109
6544;9000;9106
6545;3021;9107
6546;3012;4001
6547;9005;4198
6548;9006;9101
6549;9002;9100
6550;3021;4315
6551;3012;9106
6552;9003;4210
6553;3012;9108
6554;9001;9103
6555;9003;4315
6556;9009;4001
6557;9009;9119
6558;3008;9103
6559;9008;9100
6560;9003;9119
6561;9004;9119
6562;3012;4210
6563;3021;4315
6564;9006;4102
6565;9009;9103
6566;9005;4022
6567;3044;9108
6568;3005;9118
6569;3044;9109
6570;3021;9110
6571;3021;9111
6572;3012;9117
6573;9002;9105
6574;3005;4055
6575;9008;9116
6576;9005;9108
6577;3005;4055
6578;3005;9102
6579;9006;9101
6580;9000;4102
6581;3008;9106
6582;3005;9116
6583;9006;4001
6584;9008;4022
6585;3021;9101
6586;9005;4333
6587;9009;9115
6588;9003;9108
6589;9003;4480
6590;9009;9105
6591;9002;9102
6592;3033;4210
6593;9004;9117
6594;3033;9107
6595;3021;9101
6596;9000;9106
6597;9006;4480
6598;3008;9100
6599;3033;4256
6600;3008;4480
6601;9002;9113
6602;9008;9109
6603;3021;9103
6604;9009;9119
6605;9007;9115
6606;9001;4333
6607;9008;9103
6608;9009;4315
6609;3012;9107
6610;3012;4480
6611;9005;9101
6612;3012;9115
6613;3005;9117
6614;9002;9106
6615;9009;9109
6616;3033;4022
6617;3033;9115
6618;9002;9111
6619;3044;4198
6620;9001;9119
6621;9004;9112
6622;3012;4256
6623;9006;9118
6624;9003;9117
6625;9002;4256
6626;9000;9110
6627;3012;9104
6628;9002;9114
6629;9001;9113
6630;9007;4102
6631;3033;4480
6632;9002;9114
6633;3012;9102
6634;9003;9113
6635;9002;9112
6636;9001;9100
6637;3021;9115
6638;9002;9100
6639;3008;9112
6640;9007;4055
6641;9008;4333
6642;3012;4198
6643;9007;9101
6644;9009;9105
6645;3005;9119
6646;9000;4001
6647;3008;9100
6648;3044;9108
6649;9006;9101
6650;9005;4210
6651;3021;4102
6652;3033;4315
6653;9006;9106
6654;9006;9118
6655;9000;4055
6656;9009;9106
6657;9008;4256
6658;9007;9104
6659;3012;9106
6660;9001;9119
6661;9001;9115
6662;9005;9103
6663;3008;4022
6664;3012;4022
6665;3008;9119
6666;9009;9119
6667;9006;4256
6668;9006;9115
6669;9001;9118
6670;3008;4256
6671;9009;9116
6672;9004;4102
6673;3044;4256
6674;9005;9115
6675;3005;9110
6676;3008;4102
6677;9002;9106
6678;3021;4102
6679;9003;4001
6680;9004;4315
6681;3021;9119
6682;9004;4001
6683;3021;9103
6684;9009;9119
6685;9005;4022
6686;3044;4198
6687;9006;9109
6688;3005;4256
6689;3033;9118
6690;9009;4210
6691;9001;9103
6692;9007;9114
6693;9005;9100
6694;9001;9102
6695;3044;9117
6696;9007;4001
6697;3005;4001
6698;3033;9108
6699;9002;9111
6700;3005;9101
6701;9004;4055
6702;9001;4315
6703;3033;9100
6704;9009;9119
6705;9009;9115
6706;9002;9106
6707;9000;9113
6708;9000;4198
6709;9004;9101
6710;3033;9115
6711;9000;9108
6712;3008;9108
6713;9005;4022
6714;3012;9113
6715;3033;9105
6716;9005;4022
6717;9009;9104
6718;3008;9119
6719;9007;9105
6720;3044;4055
6721;9003;9106
6722;9000;4022
6723;3008;4210
6724;9006;4210
6725;3008;9106
6726;9006;4333
6727;9001;4333
6728;3005;9116
6729;3033;9114
6730;9006;4333
6731;3012;4333
6732;9000;9118
6733;3033;9108
6734;9009;4210
6735;9003;4022
6736;9006;4315
6737;3044;4022
6738;9004;4333
6739;9004;9119
6740;9002;9116
6741;9008;9118
6742;9001;9114
6743;9005;4198
6744;3012;9112
6745;3005;9109
6746;3044;9111
6747;9000;4055
6748;3008;9109
6749;9009;9100
6750;9008;9101
6751;3033;9115
6752;9000;9110
6753;3012;9119
6754;9000;4315
6755;9004;9111
6756;9001;9101
6757;3021;9108
6758;9006;4256
6759;9008;9112
6760;3005;9111
6761;9004;4333
6762;9008;4055
6763;3008;9118
6764;9007;9102
6765;9003;4210
6766;3044;9101
6767;9006;9103
6768;9005;9111
6769;3008;9119
6770;3044;9102
6771;9003;4102
6772;9009;9104
6773;3005;9110
6774;9007;9114
6775;3005;9104
6776;3012;9106
6777;9006;9114
6778;9009;9107
6779;9000;9108
6780;9000;4102
6781;9000;9111
6782;9002;9115
6783;3033;9105
6784;3012;9111
6785;9008;9107
6786;9003;9117
6787;3005;9103
6788;9004;4198
6789;9008;9103
6790;3044;9100
6791;9004;4055
6792;3008;4055
6793;9003;9113
6794;9006;4001
6795;3012;9117
6796;3021;4315
6797;3044;9102
6798;9008;9111
6799;9008;9108
6800;9000;9108
6801;9005;9103
6802;3021;9119
6803;3012;9101
6804;9001;9107
6805;3012;9108
6806;3008;4480
6807;9006;9113
6808;9002;9108
6809;9005;9101
6810;9001;9117
6811;9002;9117
6812;9005;9108
6813;9000;4256
6814;3021;4198
6815;9001;9101
6816;9008;9100
6817;9003;9116
6818;3012;9117
6819;9007;9106
6820;3044;9111
6821;9006;9112
6822;9008;9110
6823;9001;4055
6824;9005;9106
6825;3008;9100
6826;9005;9104
6827;3021;9105
6828;9002;9105
6829;3044;4315
6830;9000;4256
6831;9006;4333
6832;3005;9114
6833;9006;9114
6834;9006;4022
6835;9005;9118
6836;3033;9107
6837;9008;4022
6838;9004;4102
6839;9002;9109
6840;9002;9102
6841;9001;9116
6842;9007;4315
6843;9003;9110
6844;9008;9104
6845;9008;9113
6846;9008;4198
6847;9005;9111
6848;9000;9102
6849;3044;9100
6850;3012;9116
6851;9007;4333
6852;9002;4001
6853;3008;4055
6854;3044;9111
6855;9006;4055
6856;9005;9105
6857;3012;9105
6858;9008;9119
6859;3005;4210
6860;9006;9116
6861;3008;4001
6862;9005;9107
6863;9008;9116
6864;9007;4256
6865;3005;9106
6866;3021;9101
6867;3008;4022
6868;3021;9107
6869;9006;9109
6870;3008;9108
6871;9003;9108
6872;9001;9105
6873;9005;9104
6874;9007;4198
6875;9003;9112
6876;3033;4315
6877;9002;9117
6878;9006;4001
6879;9002;9104
6880;9003;4001
6881;3005;9114
6882;3044;4333
6883;9005;4055
6884;9007;9113
6885;3008;4480
6886;9002;9106
6887;9008;9117
6888;3021;9105
6889;9002;9108
6890;9004;9102
6891;9005;9117
6892;9000;9117
6893;9001;9112
6894;3005;9113
6895;9008;9117
6896;9001;9115
6897;3005;9105
6898;9008;9107
6899;9000;9106
6900;9008;9115
6901;9000;9105
6902;9001;9112
6903;9000;9116
6904;9000;4256
6905;3021;9108
6906;9001;9109
6907;3033;9107
6908;9001;9110
6909;3012;4102
6910;9006;9109
6911;9008;4333
6912;9006;9118
6913;9008;9109
6914;3033;9102
6915;3044;9116
6916;9007;9114
6917;9002;9111
6918;9000;9118
6919;9006;4102
6920;3044;4198
6921;9003;9117
6922;3033;9114
6923;3033;9104
6924;9009;9103
6925;9003;4210
6926;9003;4055
6927;9009;4210
6928;9003;9101
6929;3008;4333
6930;9004;9119
6931;9006;9117
6932;9007;4055
6933;3008;9119
6934;9006;4001
6935;9005;4001
6936;3044;9100
6937;9004;9101
6938;3008;9104
6939;3005;4315
6940;3021;4102
6941;9006;9107
6942;9005;9107
6943;9002;4022
6944;9006;9115
6945;9005;4055
6946;9002;4333
6947;9004;9101
6948;3021;9115
6949;3021;9109
6950;3012;4210
6951;9003;9116
6952;3012;9117
6953;9002;4333
6954;9001;4022
6955;9003;9118
6956;3008;9113
6957;9008;9104
6958;9009;4256
6959;9000;9102
6960;3044;9119
6961;3005;9114
6962;9006;4256
6963;9008;9111
6964;9002;9107
6965;3012;4480
6966;3033;9108
6967;3021;9102
6968;9000;9113
6969;9009;4102
6970;9008;9111
6971;9001;9103
6972;3005;9116
6973;9005;9113
6974;9007;9101
6975;9001;9114
6976;9001;9118
6977;3033;9115
6978;3005;9104
6979;9004;9100
6980;3005;4022
6981;9004;9118
6982;9008;4256
6983;9000;9117
6984;9001;9113
6985;9003;4055
6986;9002;9111
6987;9008;4210
6988;9007;9117
6989;9005;9101
6990;3012;4055
6991;3005;9113
6992;9002;9104
6993;9007;9107
6994;9009;4315
6995;9007;9113
6996;3033;4022
6997;9005;4102
6998;9003;9118
6999;9001;9107
7000;3021;9113
7001;9008;9118
7002;9007;4315
7003;9000;9114
7004;9004;9112
7005;9006;4256
7006;3012;9112
7007;3044;9112
7008;9001;9119
7009;9008;9119
7010;3044;4480
7011;9008;4315
7012;9001;4315
7013;9001;9108
7014;3044;9110
7015;9000;9117
7016;9004;9115
7017;9008;4102
7018;3012;9107
7019;3021;9100
7020;3012;9113
7021;9007;9100
7022;3021;9112
7023;9003;9111
7024;3005;9106
7025;9009;9104
7026;3033;4315
7027;3021;9117
7028;3033;4256
7029;9008;4210
7030;3012;9113
7031;9004;9115
7032;3044;9117
7033;9004;4022
7034;9004;9102
7035;9002;4055
7036;3005;9107
7037;3005;9115
7038;9006;4210
7039;3008;9119
7040;3044;9112
7041;3012;9101
7042;9003;4198
7043;3012;4022
7044;3021;9117
7045;3008;4315
7046;9005;9102
7047;3008;4001
7048;9003;9108
7049;9000;4102
7050;3005;4333
7051;9004;4256
7052;3033;9114
7053;3021;9101
7054;9009;4256
7055;3021;4022
7056;9003;9114
7057;3044;4333
7058;9003;9100
7059;9007;4210
7060;3033;9106
7061;9005;4210
7062;3044;9108
7063;3008;4210
7064;9007;9117
7065;3012;9116
7066;9008;9113
7067;3012;4198
7068;9005;9119
7069;9000;9101
7070;3008;4210
7071;9008;9110
7072;9001;4001
7073;9009;4102
7074;3012;9110
7075;9008;4055
7076;3012;9110
7077;9000;9116
7078;3021;9117
7079;9002;9107
7080;9000;4315
7081;3021;9100
7082;3033;9106
7083;3012;9101
7084;9005;9117
7085;9008;4256
7086;3005;9111
7087;9003;4480
7088;9009;9114
7089;3021;9102
7090;9009;4055
7091;9000;4102
7092;9009;4001
7093;9006;9114
7094;3033;9113
7095;9004;9108
7096;3008;9111
7097;3021;9106
7098;3005;4210
7099;9006;9116
7100;3012;4333
7101;9007;4198
7102;9002;9110
7103;9003;9100
7104;9003;9116
7105;9009;9119
7106;3012;9110
7107;9007;9108
7108;9008;4333
7109;9004;4315
7110;3044;9110
7111;9001;4315
7112;3033;9106
7113;9009;4256
7114;9008;9106
7115;9006;4022
7116;9007;9118
7117;9004;9101
7118;3033;9100
7119;9008;4315
7120;9000;9113
7121;9000;9100
7122;3008;9107
7123;3021;9110
7124;9008;9103
7125;9003;4480
7126;9001;4480
7127;3005;9101
7128;3033;4315
7129;9005;9105
7130;9002;4102
7131;3033;4333
7132;9001;9110
7133;9006;9107
7134;9002;9105
7135;9003;9111
7136;3021;4256
7137;9009;4315
7138;9005;9106
7139;9003;9110
7140;3008;4315
7141;9001;9103
7142;3021;9115
7143;3012;4333
7144;3021;4210
7145;9006;9119
7146;9000;9115
7147;9007;9109
7148;9003;4256
7149;9009;4315
7150;3008;9108
7151;9003;4022
7152;9006;4480
7153;9003;9103
7154;9002;9109
7155;3005;4210
7156;9008;9108
7157;9008;4480
7158;9001;9114
7159;9008;9107
7160;9001;4055
7161;9005;9108
7162;9002;9118
7163;3012;4480
7164;3008;4256
7165;9008;9105
7166;3008;9109
7167;3008;4001
7168;9000;4480
7169;9007;4256
7170;3033;4480
7171;9007;4055
7172;9000;9113
7173;9003;4333
7174;3044;4022
7175;3033;4102
7176;3033;9112
7177;9005;9108
7178;9005;9113
7179;3033;4315
7180;9001;9110
7181;9003;9103
7182;3044;9107
7183;3033;9105
7184;9005;9102
7185;3005;4001
7186;9005;9117
7187;3033;4055
7188;9006;9119
7189;9004;9107
7190;9005;9115
7191;9004;4480
7192;9009;4198
7193;3008;9106
7194;9006;9104
7195;3005;9116
7196;3044;9119
7197;9000;4210
7198;9009;9114
7199;3012;9110
7200;3012;9112
7201;9004;9111
7202;3033;4001
7203;9001;4022
7204;9003;9106
7205;3033;9101
7206;9004;9108
7207;3021;9108
7208;3044;9108
7209;9009;9109
7210;3044;4256
7211;9005;9119
7212;9003;9102
7213;3021;9113
7214;9006;9106
7215;9001;4102
7216;9002;9106
7217;9009;9106
7218;9007;9114
7219;9001;9118
7220;3008;4256
7221;3005;9112
7222;9007;9114
7223;3012;4480
7224;3033;9104
7225;9002;4055
7226;3044;4256
7227;9003;9116
7228;9004;9102
7229;9003;9105
7230;3005;4210
7231;9008;9117
7232;9009;4198
7233;9006;4022
7234;3008;9109
7235;9006;4022
7236;9002;9104
7237;9005;9111
7238;3033;9105
7239;3021;9108
7240;9004;4198
7241;3044;4198
7242;9005;4102
7243;3008;9105
7244;9003;9112
7245;3005;9118
7246;9006;9118
7247;9009;4198
7248;3044;9105
7249;3005;9103
7250;9004;4022
7251;9009;4055
7252;3005;9101
7253;3012;9111
7254;9006;9109
7255;9003;4022
7256;9009;9107
7257;9001;9119
7258;9009;9112
7259;9009;4210
7260;9004;4022
7261;9002;4198
7262;9001;4256
7263;9006;4333
7264;3033;9114
7265;9003;9111
7266;9008;9102
7267;9005;9119
7268;9006;9105
7269;9003;9106
7270;9006;4102
7271;9002;9102
7272;3012;9107
7273;9009;9119
7274;9003;9100
7275;3008;9110
7276;9008;9101
7277;3005;9110
7278;9003;9102
7279;9009;9107
7280;3044;9104
7281;9009;4480
7282;9007;9100
7283;9009;4102
7284;3005;9108
7285;3012;9113
7286;9004;9114
7287;9005;4480
7288;9009;9106
7289;3008;9109
7290;9000;9113
7291;3005;9104
7292;3033;9108
7293;3021;9116
7294;9001;4102
7295;3021;9119
7296;9005;4001
7297;3012;4210
7298;9002;9119
7299;3021;9118
7300;3012;9101
7301;9004;9118
7302;9003;9108
7303;9001;9105
7304;3012;4055
7305;9005;9109
7306;9008;4333
7307;9000;9107
7308;9006;9106
7309;3005;9101
7310;9002;4102
7311;3005;9116
7312;9005;9115
7313;9009;4315
7314;9005;9110
7315;3021;4210
7316;3033;9106
7317;9007;4001
7318;9006;4001
7319;9003;4102
7320;3005;9108
7321;9009;9102
7322;3021;9104
7323;3012;9106
7324;9003;4198
7325;9003;4055
7326;3005;9110
7327;3005;9110
7328;9007;9119
7329;9005;9117
7330;3012;9111
7331;9006;9119
7332;3012;9111
7333;9001;4333
7334;3008;9100
7335;9006;9103
7336;3033;9101
7337;3012;9119
7338;9004;9108
7339;3008;9111
7340;9006;9116
7341;9008;4198
7342;9004;9116
7343;3005;9108
7344;3008;4480
7345;3012;4198
7346;3033;9102
7347;9008;9105
7348;3021;9102
7349;9006;9115
7350;9000;9110
7351;9001;9104
7352;3044;4055
7353;3008;4333
7354;3021;9113
7355;9009;9100
7356;9000;9101
7357;3008;9113
7358;9004;9118
7359;9003;9102
7360;9007;9103
7361;3012;9110
7362;9002;9117
7363;9006;4480
7364;3033;9110
7365;3005;9110
7366;9009;9113
7367;9007;9100
7368;9008;9115
7369;9005;9108
7370;9003;9117
7371;9005;4210
7372;9007;9117
7373;9005;4210
7374;3021;4055
7375;9004;9101
7376;9002;4001
7377;3021;9106
7378;9004;9101
7379;9001;4055
7380;9009;9107
7381;9007;9118
7382;9000;4480
7383;3021;9114
7384;3033;4256
7385;3005;9118
7386;9003;4022
7387;3012;9115
7388;9003;4055
7389;3008;4022
7390;9005;9100
7391;3012;4256
7392;9008;9116
7393;3012;9104
7394;3033;9100
7395;9006;4256
7396;3008;9108
7397;3005;4333
7398;3005;9116
7399;9007;9110
7400;9003;4480
7401;3012;9107
7402;9006;4256
7403;3005;4256
7404;9007;4210
7405;9004;9114
7406;9004;4315
7407;3021;4001
7408;9003;9102
7409;9003;9118
7410;3021;9112
7411;9002;4001
7412;3021;9108
7413;3008;9115
7414;9005;9105
7415;3005;4102
7416;9009;4001
7417;9009;9105
7418;9006;9105
7419;3021;4055
7420;9000;9117
7421;3033;9118
7422;3005;4198
7423;9005;9106
7424;9004;9112
7425;9008;4022
7426;9003;9107
7427;9001;9105
7428;3012;9103
7429;3008;4198
7430;9001;4480
7431;3033;9103
7432;9002;9115
7433;9002;9105
7434;3021;4256
7435;3021;9101
7436;9004;4315
7437;9008;9103
7438;9004;4198
7439;9004;9118
7440;9008;4198
7441;9000;9110
7442;3012;4198
7443;3033;9111
7444;9006;9119
7445;3008;9103
7446;9004;4055
7447;9001;4333
7448;9009;9116
7449;9000;9116
7450;3021;9107
7451;9003;9105
7452;3012;9115
7453;3021;9106
7454;9003;9103
9000;0;0
9001;0;0
9002;0;0
9003;0;0
9004;0;0
9005;0;0
9006;0;0
9007;0;0
9008;0;0
9009;0;0
9100;0;0
9101;0;0
9102;0;0
9103;0;0
9104;0;0
9105;0;0
9106;0;0
9107;0;0
9108;0;0
9109;0;0
9110;0;0
9111;0;0
9112;0;0
9113;0;0
9114;0;0
9115;0;0
9116;0;0
9117;0;0
9118;0;0
9119;0;0
