ID_Animal;Sequencia_SNP
1;01210112010121011201
2;11210012110121011201
3;01220112012121011202
4;21210112010121021201
5;01210112010121011201
6;11210112011121011201
7;01210122010121011201
8;21210112010121021201
9;01220112012121011202
10;11210012110121011201
3005;11210012110121011201
3008;11210112011121011201
3012;01210112010121011201
3021;21210112010121021201
3033;01210122010121011201
3044;01220112012121011202
4001;00220111012111011202
4022;11110112111121011201
4055;01210112010121011201
4102;01220212012121011202
4198;01211122110121111201
4210;11210012110121011201
4256;21210112010121021201
4315;01210112010121011201
4333;11210012110121011201
4480;21210112010121021201
4481;21210112010121021201
4482;01210112010121011201
4483;01220212012121011202
4484;01210112010121011201
4485;01220112012121011202
4486;01210112010121011201
4487;11210112011121011201
4488;21210112010121021201
4489;11210012110121011201
4490;21210112010121021201
4491;01220212012121011202
4492;21210112010121021201
4493;21210112010121021201
4494;01220212012121011202
4495;01220112012121011202
4496;11210112011121011201
4497;01210112010121011201
4498;21210112010121021201
4499;01220112012121011202
4500;11210112011121011201
4501;01210112010121011201
4502;21210112010121021201
4503;11210012110121011201
4504;11210012110121011201
4505;11210112011121011201
4506;11210112011121011201
4507;21210112010121021201
4508;01210122010121011201
4509;01220212012121011202
4510;11210112011121011201
4511;01220212012121011202
4512;01220212012121011202
4513;01210112010121011201
4514;11210012110121011201
4515;01210112010121011201
4516;11210112011121011201
4517;21210112010121021201
4518;21210112010121021201
4519;01220112012121011202
4520;11210012110121011201
4521;11210112011121011201
4522;11110112111121011201
4523;21210112010121021201
4524;11110112111121011201
4525;21210112010121021201
4526;01220112012121011202
4527;11210012110121011201
4528;01210122010121011201
4529;11210012110121011201
4530;21210112010121021201
4531;01220212012121011202
4532;01220112012121011202
4533;01220112012121011202
4534;11210012110121011201
4535;01210112010121011201
4536;21210112010121021201
4537;21210112010121021201
4538;01220212012121011202
4539;11110112111121011201
4540;11110112111121011201
4541;21210112010121021201
4542;01210112010121011201
4543;21210112010121021201
4544;21210112010121021201
4545;11210112011121011201
4546;01210112010121011201
4547;01220112012121011202
4548;00220111012111011202
4549;01210122010121011201
4550;00220111012111011202
4551;21210112010121021201
4552;01210112010121011201
4553;01210112010121011201
4554;11210012110121011201
4555;11210012110121011201
4556;21210112010121021201
4557;11210012110121011201
4558;01210112010121011201
4559;01220112012121011202
4560;11210012110121011201
4561;21210112010121021201
4562;01210122010121011201
4563;01220212012121011202
4564;01210112010121011201
4565;21210112010121021201
4566;11210012110121011201
4567;00220111012111011202
4568;11210012110121011201
4569;01210112010121011201
4570;11210012110121011201
4571;01210112010121011201
4572;11210012110121011201
4573;11210012110121011201
4574;11210112011121011201
4575;11210012110121011201
4576;01210112010121011201
4577;21210112010121021201
4578;01220112012121011202
4579;11210012110121011201
4580;01210112010121011201
4581;11210112011121011201
4582;11210012110121011201
4583;01210112010121011201
4584;11210012110121011201
4585;21210112010121021201
4586;01220112012121011202
4587;21210112010121021201
4588;21210112010121021201
4589;01210122010121011201
4590;01220112012121011202
4591;11210012110121011201
4592;11210012110121011201
4593;11210012110121011201
4594;11210012110121011201
4595;01220112012121011202
4596;11210012110121011201
4597;01220112012121011202
4598;01220112012121011202
4599;11210012110121011201
4600;21210112010121021201
4601;11210012110121011201
4602;21210112010121021201
4603;11110112111121011201
4604;01210122010121011201
4605;11210012110121011201
4606;00220111012111011202
4607;01220212012121011202
4608;21210112010121021201
4609;11210012110121011201
4610;11210112011121011201
4611;11210012110121011201
4612;01220112012121011202
4613;01220112012121011202
4614;21210112010121021201
4615;21210112010121021201
4616;01210112010121011201
4617;11210112011121011201
4618;01210122010121011201
4619;00220111012111011202
4620;01220112012121011202
4621;21210112010121021201
4622;01220112012121011202
4623;01210112010121011201
4624;11210012110121011201
4625;01210112010121011201
4626;00220111012111011202
4627;21210112010121021201
4628;11110112111121011201
4629;21210112010121021201
4630;11210012110121011201
4631;01220112012121011202
4632;11110112111121011201
4633;11210112011121011201
4634;11210012110121011201
4635;21210112010121021201
4636;11210012110121011201
4637;11210012110121011201
4638;11210012110121011201
4639;01210112010121011201
4640;11210112011121011201
4641;11110112111121011201
4642;01210112010121011201
4643;11210012110121011201
4644;11210012110121011201
4645;11110112111121011201
4646;01210112010121011201
4647;01220112012121011202
4648;11210112011121011201
4649;01210112010121011201
4650;01210112010121011201
4651;11210012110121011201
4652;21210112010121021201
4653;21210112010121021201
4654;11210012110121011201
4655;01210122010121011201
4656;01210112010121011201
4657;01210122010121011201
4658;21210112010121021201
4659;21210112010121021201
4660;01210112010121011201
4661;11210112011121011201
4662;01210112010121011201
4663;11210112011121011201
4664;01220112012121011202
4665;01220212012121011202
4666;01220112012121011202
4667;11210012110121011201
4668;11210012110121011201
4669;01220112012121011202
4670;21210112010121021201
4671;01210122010121011201
4672;21210112010121021201
4673;11210012110121011201
4674;11210112011121011201
4675;21210112010121021201
4676;01220112012121011202
4677;01220212012121011202
4678;11210012110121011201
4679;00220111012111011202
4680;11210012110121011201
4681;00220111012111011202
4682;01220112012121011202
4683;21210112010121021201
4684;01220112012121011202
4685;21210112010121021201
4686;01211122110121111201
4687;11110112111121011201
4688;01210122010121011201
4689;21210112010121021201
4690;21210112010121021201
4691;01220212012121011202
4692;01210112010121011201
4693;11210012110121011201
4694;01210112010121011201
4695;01210122010121011201
4696;11110112111121011201
4697;01210112010121011201
4698;11210012110121011201
4699;01210112010121011201
4700;01210112010121011201
4701;11210012110121011201
4702;11210012110121011201
4703;01220112012121011202
4704;01220112012121011202
4705;01210112010121011201
4706;11210012110121011201
4707;11210012110121011201
4708;11210012110121011201
4709;00220111012111011202
4710;11210012110121011201
4711;11210012110121011201
4712;11210112011121011201
4713;01220112012121011202
4714;01210112010121011201
4715;11210012110121011201
4716;01210112010121011201
4717;01220112012121011202
4718;11210012110121011201
4719;11210012110121011201
4720;01220212012121011202
4721;11210112011121011201
4722;21210112010121021201
4723;21210112010121021201
4724;01210112010121011201
4725;01210122010121011201
4726;11210012110121011201
4727;01210122010121011201
4728;11110112111121011201
4729;01210112010121011201
4730;11210012110121011201
4731;11210112011121011201
4732;11210112011121011201
4733;01210112010121011201
4734;11110112111121011201
4735;01220112012121011202
4736;21210112010121021201
4737;01210122010121011201
4738;11110112111121011201
4739;01210112010121011201
4740;01220112012121011202
4741;11210012110121011201
4742;21210112010121021201
4743;01210112010121011201
4744;01210112010121011201
4745;11210012110121011201
4746;01220212012121011202
4747;11210112011121011201
4748;01210122010121011201
4749;01210112010121011201
4750;01220212012121011202
4751;11210112011121011201
4752;01210112010121011201
4753;11110112111121011201
4754;01210112010121011201
4755;11210012110121011201
4756;01210112010121011201
4757;01220112012121011202
4758;21210112010121021201
4759;01211122110121111201
4760;11210012110121011201
4761;01220112012121011202
4762;11210112011121011201
4763;01210112010121011201
4764;01210122010121011201
4765;11210112011121011201
4766;21210112010121021201
4767;11210012110121011201
4768;21210112010121021201
4769;21210112010121021201
4770;00220111012111011202
4771;21210112010121021201
4772;01210112010121011201
4773;11210012110121011201
4774;01210122010121011201
4775;21210112010121021201
4776;21210112010121021201
4777;21210112010121021201
4778;01210112010121011201
4779;01210112010121011201
4780;01210112010121011201
4781;11210012110121011201
4782;01220112012121011202
4783;01220112012121011202
4784;01220112012121011202
4785;21210112010121021201
4786;01211122110121111201
4787;01220212012121011202
4788;01211122110121111201
4789;01210112010121011201
4790;21210112010121021201
4791;21210112010121021201
4792;21210112010121021201
4793;01210112010121011201
4794;11210112011121011201
4795;11210012110121011201
4796;11210012110121011201
4797;01211122110121111201
4798;21210112010121021201
4799;11210012110121011201
4800;21210112010121021201
4801;11210112011121011201
4802;01210112010121011201
4803;01210112010121011201
4804;01210122010121011201
4805;01210112010121011201
4806;01210112010121011201
4807;01220112012121011202
4808;00220111012111011202
4809;01220112012121011202
4810;01220112012121011202
4811;01220212012121011202
4812;01210112010121011201
4813;21210112010121021201
4814;01220212012121011202
4815;11210112011121011201
4816;21210112010121021201
4817;01210112010121011201
4818;01220112012121011202
4819;01210112010121011201
4820;01210122010121011201
4821;21210112010121021201
4822;11210012110121011201
4823;01210112010121011201
4824;01210112010121011201
4825;01210122010121011201
4826;11210012110121011201
4827;11210012110121011201
4828;21210112010121021201
4829;21210112010121021201
4830;11210012110121011201
4831;21210112010121021201
4832;21210112010121021201
4833;11210012110121011201
4834;11210012110121011201
4835;21210112010121021201
4836;01210112010121011201
4837;00220111012111011202
4838;11210012110121011201
4839;01220112012121011202
4840;01210122010121011201
4841;01211122110121111201
4842;01220212012121011202
4843;01210112010121011201
4844;11210012110121011201
4845;01210112010121011201
4846;11210112011121011201
4847;11210112011121011201
4848;01220112012121011202
4849;11210012110121011201
4850;01220112012121011202
4851;01211122110121111201
4852;21210112010121021201
4853;01220212012121011202
4854;11210112011121011201
4855;11210012110121011201
4856;11210012110121011201
4857;11210012110121011201
4858;01210112010121011201
4859;01211122110121111201
4860;11210012110121011201
4861;11210012110121011201
4862;21210112010121021201
4863;21210112010121021201
4864;01220112012121011202
4865;01210112010121011201
4866;11210012110121011201
4867;21210112010121021201
4868;11210012110121011201
4869;11110112111121011201
4870;01220112012121011202
4871;21210112010121021201
4872;01210122010121011201
4873;00220111012111011202
4874;11210012110121011201
4875;01220212012121011202
4876;11210112011121011201
4877;21210112010121021201
4878;01210122010121011201
4879;11210112011121011201
4880;01220212012121011202
4881;01220112012121011202
4882;11210012110121011201
4883;01210122010121011201
4884;01220112012121011202
4885;21210112010121021201
4886;11210012110121011201
4887;01210112010121011201
4888;01220112012121011202
4889;21210112010121021201
4890;01210112010121011201
4891;11210012110121011201
4892;01211122110121111201
4893;01220112012121011202
4894;01210112010121011201
4895;21210112010121021201
4896;11210112011121011201
4897;01220112012121011202
4898;01210112010121011201
4899;00220111012111011202
4900;00220111012111011202
4901;11210012110121011201
4902;21210112010121021201
4903;01210112010121011201
4904;21210112010121021201
4905;01210112010121011201
4906;11210012110121011201
4907;11110112111121011201
4908;21210112010121021201
4909;11110112111121011201
4910;01210112010121011201
4911;21210112010121021201
4912;11110112111121011201
4913;00220111012111011202
4914;01210112010121011201
4915;01210112010121011201
4916;01220212012121011202
4917;11210012110121011201
4918;01210112010121011201
4919;01220112012121011202
4920;01220112012121011202
4921;11210012110121011201
4922;01210122010121011201
4923;01210112010121011201
4924;01210122010121011201
4925;11210012110121011201
4926;01220112012121011202
4927;11210012110121011201
4928;01210112010121011201
4929;11110112111121011201
4930;01220212012121011202
4931;01220112012121011202
4932;01220212012121011202
4933;21210112010121021201
4934;11210012110121011201
4935;01210112010121011201
4936;01220112012121011202
4937;01210112010121011201
4938;11210112011121011201
4939;21210112010121021201
4940;11210112011121011201
4941;01210122010121011201
4942;01210122010121011201
4943;01220112012121011202
4944;01220112012121011202
4945;21210112010121021201
4946;01210112010121011201
4947;01220112012121011202
4948;01210122010121011201
4949;01220112012121011202
4950;00220111012111011202
4951;11210112011121011201
4952;11210112011121011201
4953;01220112012121011202
4954;11210012110121011201
4955;21210112010121021201
4956;11110112111121011201
4957;01210122010121011201
4958;01210112010121011201
4959;01220212012121011202
4960;01210112010121011201
4961;11210012110121011201
4962;00220111012111011202
4963;11210012110121011201
4964;21210112010121021201
4965;11110112111121011201
4966;01210122010121011201
4967;21210112010121021201
4968;01210112010121011201
4969;11210012110121011201
4970;01210122010121011201
4971;21210112010121021201
4972;21210112010121021201
4973;01210112010121011201
4974;21210112010121021201
4975;01210112010121011201
4976;11210012110121011201
4977;11210012110121011201
4978;11210012110121011201
4979;21210112010121021201
4980;01211122110121111201
4981;11210112011121011201
4982;11210012110121011201
4983;11110112111121011201
4984;21210112010121021201
4985;21210112010121021201
4986;01210122010121011201
4987;01210112010121011201
4988;11210012110121011201
4989;01210112010121011201
4990;01210122010121011201
4991;01210122010121011201
4992;01210112010121011201
4993;11210012110121011201
4994;21210112010121021201
4995;11210012110121011201
4996;01220212012121011202
4997;11110112111121011201
4998;00220111012111011202
4999;21210112010121021201
5000;01220212012121011202
5001;01220112012121011202
5002;00220111012111011202
5003;00220111012111011202
5004;21210112010121021201
5005;00220111012111011202
5006;01220112012121011202
5007;01210112010121011201
5008;11210012110121011201
5009;21210112010121021201
5010;21210112010121021201
5011;21210112010121021201
5012;01220112012121011202
5013;01210122010121011201
5014;11210012110121011201
5015;01210112010121011201
5016;01210122010121011201
5017;11210112011121011201
5018;11210012110121011201
5019;11210012110121011201
5020;21210112010121021201
5021;01210112010121011201
5022;11210012110121011201
5023;11210012110121011201
5024;01211122110121111201
5025;01220112012121011202
5026;21210112010121021201
5027;01220112012121011202
5028;21210112010121021201
5029;01220112012121011202
5030;21210112010121021201
5031;11210012110121011201
5032;21210112010121021201
5033;01210122010121011201
5034;11210012110121011201
5035;01220112012121011202
5036;01211122110121111201
5037;11210012110121011201
5038;01210112010121011201
5039;21210112010121021201
5040;01220212012121011202
5041;11210012110121011201
5042;21210112010121021201
5043;11210012110121011201
5044;01220212012121011202
5045;11210012110121011201
5046;01210112010121011201
5047;11110112111121011201
5048;11210012110121011201
5049;01220112012121011202
5050;01210112010121011201
5051;11210012110121011201
5052;11110112111121011201
5053;01210122010121011201
5054;01210122010121011201
5055;11210012110121011201
5056;01220212012121011202
5057;21210112010121021201
5058;21210112010121021201
5059;21210112010121021201
5060;01220112012121011202
5061;01220112012121011202
5062;01210112010121011201
5063;11210112011121011201
5064;00220111012111011202
5065;21210112010121021201
5066;01210122010121011201
5067;01210112010121011201
5068;21210112010121021201
5069;01210112010121011201
5070;01210112010121011201
5071;21210112010121021201
5072;21210112010121021201
5073;01220212012121011202
5074;01210122010121011201
5075;01211122110121111201
5076;01210112010121011201
5077;01210112010121011201
5078;11210012110121011201
5079;01210112010121011201
5080;01210112010121011201
5081;11210012110121011201
5082;01220212012121011202
5083;11210012110121011201
5084;01210112010121011201
5085;11210012110121011201
5086;11210112011121011201
5087;01220112012121011202
5088;00220111012111011202
5089;01210112010121011201
5090;01210122010121011201
5091;21210112010121021201
5092;11210112011121011201
5093;21210112010121021201
5094;21210112010121021201
5095;11210012110121011201
5096;01220112012121011202
5097;01210122010121011201
5098;01210112010121011201
5099;11210012110121011201
5100;01210112010121011201
5101;11210012110121011201
5102;11210012110121011201
5103;01210122010121011201
5104;01210112010121011201
5105;21210112010121021201
5106;21210112010121021201
5107;11210112011121011201
5108;01210122010121011201
5109;11210012110121011201
5110;11210012110121011201
5111;11210012110121011201
5112;01210112010121011201
5113;11210012110121011201
5114;00220111012111011202
5115;11210012110121011201
5116;01220112012121011202
5117;11210012110121011201
5118;11210012110121011201
5119;01220112012121011202
5120;11110112111121011201
5121;11210012110121011201
5122;01211122110121111201
5123;01220112012121011202
5124;00220111012111011202
5125;11210012110121011201
5126;01210122010121011201
5127;00220111012111011202
5128;00220111012111011202
5129;11110112111121011201
5130;01210112010121011201
5131;11210112011121011201
5132;01211122110121111201
5133;21210112010121021201
5134;01220212012121011202
5135;01210112010121011201
5136;21210112010121021201
5137;11210112011121011201
5138;00220111012111011202
5139;21210112010121021201
5140;11210012110121011201
5141;01220212012121011202
5142;21210112010121021201
5143;11210012110121011201
5144;11210012110121011201
5145;01220112012121011202
5146;21210112010121021201
5147;11210012110121011201
5148;11210112011121011201
5149;11210112011121011201
5150;01210112010121011201
5151;21210112010121021201
5152;11210012110121011201
5153;01220212012121011202
5154;00220111012111011202
5155;01220112012121011202
5156;01210112010121011201
5157;11110112111121011201
5158;01210112010121011201
5159;01210112010121011201
5160;21210112010121021201
5161;11210012110121011201
5162;21210112010121021201
5163;21210112010121021201
5164;01210112010121011201
5165;11210012110121011201
5166;11210012110121011201
5167;01210112010121011201
5168;01210112010121011201
5169;00220111012111011202
5170;01220112012121011202
5171;11210012110121011201
5172;11210012110121011201
5173;01210112010121011201
5174;01220212012121011202
5175;11210112011121011201
5176;01210112010121011201
5177;11210012110121011201
5178;11210012110121011201
5179;01220112012121011202
5180;01210112010121011201
5181;21210112010121021201
5182;01210112010121011201
5183;01220112012121011202
5184;01210112010121011201
5185;01220112012121011202
5186;01210112010121011201
5187;21210112010121021201
5188;01210112010121011201
5189;21210112010121021201
5190;01210112010121011201
5191;01210112010121011201
5192;11210012110121011201
5193;11210012110121011201
5194;11210012110121011201
5195;21210112010121021201
5196;01220112012121011202
5197;01210112010121011201
5198;01210112010121011201
5199;01210112010121011201
5200;01210112010121011201
5201;01220112012121011202
5202;21210112010121021201
5203;11210012110121011201
5204;01210122010121011201
5205;21210112010121021201
5206;11210112011121011201
5207;21210112010121021201
5208;01220212012121011202
5209;21210112010121021201
5210;00220111012111011202
5211;01220112012121011202
5212;11210012110121011201
5213;21210112010121021201
5214;11210012110121011201
5215;21210112010121021201
5216;11210012110121011201
5217;01220112012121011202
5218;01210112010121011201
5219;21210112010121021201
5220;11210012110121011201
5221;11210112011121011201
5222;01220212012121011202
5223;01210112010121011201
5224;01220112012121011202
5225;21210112010121021201
5226;11210012110121011201
5227;01210122010121011201
5228;21210112010121021201
5229;01210122010121011201
5230;01210122010121011201
5231;21210112010121021201
5232;21210112010121021201
5233;01210112010121011201
5234;00220111012111011202
5235;01220112012121011202
5236;01220112012121011202
5237;01220112012121011202
5238;01210112010121011201
5239;11210012110121011201
5240;01210112010121011201
5241;01210122010121011201
5242;01220212012121011202
5243;01210112010121011201
5244;01220112012121011202
5245;21210112010121021201
5246;01211122110121111201
5247;11210012110121011201
5248;01210112010121011201
5249;01220212012121011202
5250;01220112012121011202
5251;11210012110121011201
5252;21210112010121021201
5253;21210112010121021201
5254;01220112012121011202
5255;01220112012121011202
5256;11210012110121011201
5257;00220111012111011202
5258;01220212012121011202
5259;11210012110121011201
5260;11210112011121011201
5261;21210112010121021201
5262;11210112011121011201
5263;01210122010121011201
5264;01210112010121011201
5265;01210122010121011201
5266;21210112010121021201
5267;01220112012121011202
5268;01210112010121011201
5269;01220112012121011202
5270;01220112012121011202
5271;01210112010121011201
5272;01220112012121011202
5273;11110112111121011201
5274;01210112010121011201
5275;01210112010121011201
5276;01210112010121011201
5277;01210112010121011201
5278;11110112111121011201
5279;11210112011121011201
5280;01220112012121011202
5281;11210012110121011201
5282;01220112012121011202
5283;11210112011121011201
5284;11210012110121011201
5285;11110112111121011201
5286;11210012110121011201
5287;11210012110121011201
5288;00220111012111011202
5289;11210012110121011201
5290;01210122010121011201
5291;21210112010121021201
5292;01210112010121011201
5293;21210112010121021201
5294;21210112010121021201
5295;21210112010121021201
5296;11210112011121011201
5297;11210012110121011201
5298;01210112010121011201
5299;11210012110121011201
5300;01220112012121011202
5301;01210112010121011201
5302;01210122010121011201
5303;21210112010121021201
5304;11210012110121011201
5305;00220111012111011202
5306;21210112010121021201
5307;01220212012121011202
5308;01210122010121011201
5309;11210112011121011201
5310;11210112011121011201
5311;01210112010121011201
5312;21210112010121021201
5313;11110112111121011201
5314;21210112010121021201
5315;11210012110121011201
5316;01220112012121011202
5317;21210112010121021201
5318;01210122010121011201
5319;21210112010121021201
5320;01220112012121011202
5321;21210112010121021201
5322;01220112012121011202
5323;01210122010121011201
5324;21210112010121021201
5325;11210012110121011201
5326;01220112012121011202
5327;21210112010121021201
5328;01210112010121011201
5329;01210112010121011201
5330;01210112010121011201
5331;01211122110121111201
5332;01220212012121011202
5333;11210012110121011201
5334;11210012110121011201
5335;01210112010121011201
5336;11210112011121011201
5337;11210012110121011201
5338;01210122010121011201
5339;11210012110121011201
5340;01220112012121011202
5341;01220112012121011202
5342;01210112010121011201
5343;01220112012121011202
5344;01210112010121011201
5345;01220112012121011202
5346;01211122110121111201
5347;11210012110121011201
5348;11210012110121011201
5349;11110112111121011201
5350;11210112011121011201
5351;11210012110121011201
5352;01210112010121011201
5353;21210112010121021201
5354;11210012110121011201
5355;11210012110121011201
5356;11210012110121011201
5357;01210112010121011201
5358;11210112011121011201
5359;21210112010121021201
5360;01220212012121011202
5361;01220112012121011202
5362;01210112010121011201
5363;11210012110121011201
5364;21210112010121021201
5365;11210012110121011201
5366;11210012110121011201
5367;21210112010121021201
5368;11210012110121011201
5369;11210112011121011201
5370;11110112111121011201
5371;21210112010121021201
5372;11210012110121011201
5373;11210012110121011201
5374;00220111012111011202
5375;01220112012121011202
5376;11210012110121011201
5377;01210112010121011201
5378;01210112010121011201
5379;01220112012121011202
5380;01210122010121011201
5381;21210112010121021201
5382;11210112011121011201
5383;01210112010121011201
5384;01220112012121011202
5385;11210012110121011201
5386;11210112011121011201
5387;01210122010121011201
5388;01210112010121011201
5389;01220112012121011202
5390;21210112010121021201
5391;01220212012121011202
5392;11210012110121011201
5393;11210112011121011201
5394;01220112012121011202
5395;01220112012121011202
5396;11210012110121011201
5397;11210012110121011201
5398;21210112010121021201
5399;01210112010121011201
5400;11210012110121011201
5401;11210012110121011201
5402;11110112111121011201
5403;01220212012121011202
5404;01220112012121011202
5405;11210112011121011201
5406;01210122010121011201
5407;21210112010121021201
5408;11210012110121011201
5409;01220112012121011202
5410;21210112010121021201
5411;01211122110121111201
5412;01210122010121011201
5413;01210122010121011201
5414;01210112010121011201
5415;21210112010121021201
5416;11210012110121011201
5417;01220112012121011202
5418;00220111012111011202
5419;11210112011121011201
5420;01210112010121011201
5421;21210112010121021201
5422;11210012110121011201
5423;01220112012121011202
5424;21210112010121021201
5425;11210012110121011201
5426;21210112010121021201
5427;01220112012121011202
5428;01210112010121011201
5429;01220112012121011202
5430;01211122110121111201
5431;21210112010121021201
5432;01220112012121011202
5433;01211122110121111201
5434;21210112010121021201
5435;21210112010121021201
5436;01210112010121011201
5437;11110112111121011201
5438;21210112010121021201
5439;01220112012121011202
5440;01210112010121011201
5441;01220112012121011202
5442;01210112010121011201
5443;11210012110121011201
5444;01211122110121111201
5445;21210112010121021201
5446;01220212012121011202
5447;11210012110121011201
5448;11210012110121011201
5449;01210122010121011201
5450;01210122010121011201
5451;11210012110121011201
5452;21210112010121021201
5453;21210112010121021201
5454;11210012110121011201
5455;21210112010121021201
5456;21210112010121021201
5457;01220112012121011202
5458;01211122110121111201
5459;21210112010121021201
5460;21210112010121021201
5461;01210122010121011201
5462;01220112012121011202
5463;01220112012121011202
5464;01220212012121011202
5465;01220212012121011202
5466;01220112012121011202
5467;00220111012111011202
5468;21210112010121021201
5469;01210122010121011201
5470;00220111012111011202
5471;01210122010121011201
5472;21210112010121021201
5473;21210112010121021201
5474;01211122110121111201
5475;01210112010121011201
5476;21210112010121021201
5477;01210112010121011201
5478;11210112011121011201
5479;01210122010121011201
5480;11210012110121011201
5481;01220112012121011202
5482;11210112011121011201
5483;21210112010121021201
5484;01210122010121011201
5485;01210122010121011201
5486;01220112012121011202
5487;21210112010121021201
5488;21210112010121021201
5489;21210112010121021201
5490;00220111012111011202
5491;01211122110121111201
5492;01210122010121011201
5493;01220112012121011202
5494;01220112012121011202
5495;11110112111121011201
5496;11210012110121011201
5497;21210112010121021201
5498;01211122110121111201
5499;21210112010121021201
5500;01210122010121011201
5501;11210012110121011201
5502;01210112010121011201
5503;01210112010121011201
5504;21210112010121021201
5505;01210112010121011201
5506;01220112012121011202
5507;01210122010121011201
5508;21210112010121021201
5509;01210122010121011201
5510;01220112012121011202
5511;01210122010121011201
5512;01210112010121011201
5513;21210112010121021201
5514;11210012110121011201
5515;01220212012121011202
5516;21210112010121021201
5517;01220112012121011202
5518;11210112011121011201
5519;11210112011121011201
5520;01210122010121011201
5521;11210012110121011201
5522;01210112010121011201
5523;11210012110121011201
5524;11210012110121011201
5525;01210122010121011201
5526;00220111012111011202
5527;01220112012121011202
5528;11210012110121011201
5529;21210112010121021201
5530;11210012110121011201
5531;00220111012111011202
5532;11210012110121011201
5533;01210112010121011201
5534;11110112111121011201
5535;01210112010121011201
5536;11110112111121011201
5537;21210112010121021201
5538;01211122110121111201
5539;01210112010121011201
5540;11210112011121011201
5541;01210112010121011201
5542;21210112010121021201
5543;11210012110121011201
5544;01220112012121011202
5545;01210112010121011201
5546;11210012110121011201
5547;11210012110121011201
5548;01210112010121011201
5549;01220112012121011202
5550;01220112012121011202
5551;11210012110121011201
5552;01220112012121011202
5553;01210112010121011201
5554;01220112012121011202
5555;01210112010121011201
5556;11210012110121011201
5557;11110112111121011201
5558;00220111012111011202
5559;11210112011121011201
5560;01220212012121011202
5561;11210012110121011201
5562;01210112010121011201
5563;01220112012121011202
5564;01210112010121011201
5565;01210122010121011201
5566;01220112012121011202
5567;00220111012111011202
5568;01220112012121011202
5569;01210112010121011201
5570;01211122110121111201
5571;11210012110121011201
5572;01220112012121011202
5573;00220111012111011202
5574;01210112010121011201
5575;01210112010121011201
5576;11210012110121011201
5577;11210112011121011201
5578;21210112010121021201
5579;00220111012111011202
5580;01210112010121011201
5581;01211122110121111201
5582;11210012110121011201
5583;01220112012121011202
5584;11210012110121011201
5585;21210112010121021201
5586;01220112012121011202
5587;01210112010121011201
5588;11210012110121011201
5589;11210012110121011201
5590;21210112010121021201
5591;01211122110121111201
5592;11210012110121011201
5593;01220112012121011202
5594;11210112011121011201
5595;01210112010121011201
5596;01210122010121011201
5597;21210112010121021201
5598;01210112010121011201
5599;21210112010121021201
5600;11110112111121011201
5601;11210112011121011201
5602;01210112010121011201
5603;01210122010121011201
5604;11210112011121011201
5605;00220111012111011202
5606;11210012110121011201
5607;21210112010121021201
5608;01210112010121011201
5609;01220112012121011202
5610;11210012110121011201
5611;01210112010121011201
5612;21210112010121021201
5613;00220111012111011202
5614;11210112011121011201
5615;01210112010121011201
5616;01210112010121011201
5617;01220112012121011202
5618;21210112010121021201
5619;01210112010121011201
5620;01220112012121011202
5621;01210112010121011201
5622;01210112010121011201
5623;01210112010121011201
5624;21210112010121021201
5625;21210112010121021201
5626;21210112010121021201
5627;11210012110121011201
5628;01210112010121011201
5629;01210112010121011201
5630;11210012110121011201
5631;21210112010121021201
5632;01220112012121011202
5633;11210012110121011201
5634;21210112010121021201
5635;11210012110121011201
5636;01220112012121011202
5637;01210122010121011201
5638;01220112012121011202
5639;21210112010121021201
5640;01220112012121011202
5641;21210112010121021201
5642;21210112010121021201
5643;21210112010121021201
5644;01220212012121011202
5645;01210112010121011201
5646;01220212012121011202
5647;11110112111121011201
5648;01220112012121011202
5649;01220112012121011202
5650;01210122010121011201
5651;11210112011121011201
5652;01220112012121011202
5653;11210012110121011201
5654;21210112010121021201
5655;21210112010121021201
5656;00220111012111011202
5657;01220112012121011202
5658;01210112010121011201
5659;01210112010121011201
5660;11210012110121011201
5661;00220111012111011202
5662;01210112010121011201
5663;01210112010121011201
5664;11210112011121011201
5665;11210012110121011201
5666;01220112012121011202
5667;01211122110121111201
5668;11110112111121011201
5669;01210112010121011201
5670;01210112010121011201
5671;21210112010121021201
5672;01210112010121011201
5673;00220111012111011202
5674;21210112010121021201
5675;01210112010121011201
5676;01210122010121011201
5677;01210112010121011201
5678;11210112011121011201
5679;11210012110121011201
5680;11210112011121011201
5681;01210112010121011201
5682;21210112010121021201
5683;21210112010121021201
5684;11210012110121011201
5685;01210112010121011201
5686;01220112012121011202
5687;21210112010121021201
5688;01220112012121011202
5689;21210112010121021201
5690;01210122010121011201
5691;01210112010121011201
5692;21210112010121021201
5693;01210122010121011201
5694;01210112010121011201
5695;21210112010121021201
5696;01210112010121011201
5697;11210012110121011201
5698;01211122110121111201
5699;01220112012121011202
5700;11210012110121011201
5701;01220212012121011202
5702;11210012110121011201
5703;01220212012121011202
5704;01210112010121011201
5705;11210012110121011201
5706;11110112111121011201
5707;01210122010121011201
5708;01220112012121011202
5709;21210112010121021201
5710;11210012110121011201
5711;01210112010121011201
5712;01210122010121011201
5713;01210112010121011201
5714;11210112011121011201
5715;01210112010121011201
5716;01220212012121011202
5717;21210112010121021201
5718;11210012110121011201
5719;11110112111121011201
5720;01211122110121111201
5721;11210012110121011201
5722;21210112010121021201
5723;01210112010121011201
5724;21210112010121021201
5725;11210012110121011201
5726;21210112010121021201
5727;11110112111121011201
5728;01210112010121011201
5729;01211122110121111201
5730;21210112010121021201
5731;11210112011121011201
5732;11110112111121011201
5733;01220112012121011202
5734;11210012110121011201
5735;11210012110121011201
5736;11210012110121011201
5737;11210012110121011201
5738;11210012110121011201
5739;01210122010121011201
5740;01210112010121011201
5741;01210112010121011201
5742;11210012110121011201
5743;21210112010121021201
5744;21210112010121021201
5745;01210122010121011201
5746;11210112011121011201
5747;21210112010121021201
5748;01210112010121011201
5749;01210112010121011201
5750;01220212012121011202
5751;01211122110121111201
5752;21210112010121021201
5753;11110112111121011201
5754;11110112111121011201
5755;11210012110121011201
5756;01210112010121011201
5757;01220212012121011202
5758;01210112010121011201
5759;21210112010121021201
5760;11210112011121011201
5761;01220112012121011202
5762;11210112011121011201
5763;11210112011121011201
5764;01220112012121011202
5765;21210112010121021201
5766;11210112011121011201
5767;01210112010121011201
5768;21210112010121021201
5769;01210112010121011201
5770;11210012110121011201
5771;01210122010121011201
5772;21210112010121021201
5773;21210112010121021201
5774;01210112010121011201
5775;01210112010121011201
5776;01220112012121011202
5777;01210112010121011201
5778;01210112010121011201
5779;21210112010121021201
5780;21210112010121021201
5781;11110112111121011201
5782;21210112010121021201
5783;01210112010121011201
5784;21210112010121021201
5785;11210112011121011201
5786;21210112010121021201
5787;11210112011121011201
5788;11210012110121011201
5789;01220112012121011202
5790;21210112010121021201
5791;00220111012111011202
5792;01210112010121011201
5793;21210112010121021201
5794;01210112010121011201
5795;21210112010121021201
5796;01210112010121011201
5797;01220212012121011202
5798;11210012110121011201
5799;01210112010121011201
5800;01210112010121011201
5801;01210112010121011201
5802;11210012110121011201
5803;21210112010121021201
5804;11210112011121011201
5805;11110112111121011201
5806;01211122110121111201
5807;01220112012121011202
5808;01210112010121011201
5809;01210122010121011201
5810;11210012110121011201
5811;01211122110121111201
5812;01211122110121111201
5813;01210112010121011201
5814;01220112012121011202
5815;01210112010121011201
5816;11210012110121011201
5817;01210112010121011201
5818;01210112010121011201
5819;21210112010121021201
5820;21210112010121021201
5821;01220212012121011202
5822;01210112010121011201
5823;01210112010121011201
5824;01210122010121011201
5825;21210112010121021201
5826;11210112011121011201
5827;01210112010121011201
5828;01210112010121011201
5829;11210012110121011201
5830;11210012110121011201
5831;01210112010121011201
5832;11210112011121011201
5833;11210112011121011201
5834;01210122010121011201
5835;11210012110121011201
5836;01220112012121011202
5837;11210012110121011201
5838;21210112010121021201
5839;21210112010121021201
5840;11210112011121011201
5841;00220111012111011202
5842;21210112010121021201
5843;00220111012111011202
5844;11210112011121011201
5845;01210112010121011201
5846;11210012110121011201
5847;11210012110121011201
5848;21210112010121021201
5849;01220112012121011202
5850;01210112010121011201
5851;21210112010121021201
5852;11210012110121011201
5853;11210012110121011201
5854;01210112010121011201
5855;11210012110121011201
5856;21210112010121021201
5857;01211122110121111201
5858;11210012110121011201
5859;00220111012111011202
5860;21210112010121021201
5861;01220112012121011202
5862;21210112010121021201
5863;11210112011121011201
5864;00220111012111011202
5865;01210112010121011201
5866;01210112010121011201
5867;11210012110121011201
5868;11210012110121011201
5869;11210112011121011201
5870;01210112010121011201
5871;01220112012121011202
5872;21210112010121021201
5873;21210112010121021201
5874;01220112012121011202
5875;11210012110121011201
5876;01210122010121011201
5877;21210112010121021201
5878;21210112010121021201
5879;01220112012121011202
5880;11210112011121011201
5881;01220112012121011202
5882;11210112011121011201
5883;01210112010121011201
5884;11110112111121011201
5885;00220111012111011202
5886;11210012110121011201
5887;01220212012121011202
5888;00220111012111011202
5889;21210112010121021201
5890;11210112011121011201
5891;21210112010121021201
5892;01210112010121011201
5893;01210112010121011201
5894;01211122110121111201
5895;01210112010121011201
5896;21210112010121021201
5897;01210122010121011201
5898;11210112011121011201
5899;21210112010121021201
5900;01210112010121011201
5901;01210112010121011201
5902;01210112010121011201
5903;01220112012121011202
5904;11210012110121011201
5905;01210112010121011201
5906;01220112012121011202
5907;01210112010121011201
5908;01220112012121011202
5909;21210112010121021201
5910;01220112012121011202
5911;21210112010121021201
5912;21210112010121021201
5913;01210122010121011201
5914;01210112010121011201
5915;01210112010121011201
5916;11210012110121011201
5917;01220112012121011202
5918;01210112010121011201
5919;01210112010121011201
5920;21210112010121021201
5921;11210112011121011201
5922;21210112010121021201
5923;21210112010121021201
5924;01210122010121011201
5925;21210112010121021201
5926;11210012110121011201
5927;01211122110121111201
5928;01210112010121011201
5929;11210012110121011201
5930;01210112010121011201
5931;11210012110121011201
5932;01210112010121011201
5933;01210112010121011201
5934;01210112010121011201
5935;01210112010121011201
5936;01210112010121011201
5937;11210012110121011201
5938;11210012110121011201
5939;01220112012121011202
5940;21210112010121021201
5941;01211122110121111201
5942;11210012110121011201
5943;01220112012121011202
5944;21210112010121021201
5945;01210112010121011201
5946;21210112010121021201
5947;11210012110121011201
5948;00220111012111011202
5949;11210112011121011201
5950;21210112010121021201
5951;01210112010121011201
5952;11210112011121011201
5953;01220112012121011202
5954;01220112012121011202
5955;11210112011121011201
5956;01210122010121011201
5957;01210122010121011201
5958;01210112010121011201
5959;11210112011121011201
5960;11210012110121011201
5961;01210112010121011201
5962;01220212012121011202
5963;01211122110121111201
5964;11210012110121011201
5965;01210112010121011201
5966;01210112010121011201
5967;01210112010121011201
5968;11210112011121011201
5969;01220112012121011202
5970;01210112010121011201
5971;11210012110121011201
5972;11210012110121011201
5973;01210112010121011201
5974;21210112010121021201
5975;00220111012111011202
5976;21210112010121021201
5977;01210122010121011201
5978;11110112111121011201
5979;21210112010121021201
5980;01210122010121011201
5981;01211122110121111201
5982;00220111012111011202
5983;21210112010121021201
5984;01210112010121011201
5985;21210112010121021201
5986;01220212012121011202
5987;21210112010121021201
5988;11210012110121011201
5989;01210122010121011201
5990;11210012110121011201
5991;11210012110121011201
5992;11210012110121011201
5993;01220112012121011202
5994;01210112010121011201
5995;01210112010121011201
5996;21210112010121021201
5997;01220212012121011202
5998;01220112012121011202
5999;01210122010121011201
6000;21210112010121021201
6001;11210112011121011201
6002;21210112010121021201
6003;00220111012111011202
6004;11210012110121011201
6005;21210112010121021201
6006;00220111012111011202
6007;01220112012121011202
6008;21210112010121021201
6009;11210112011121011201
6010;11210112011121011201
6011;11210012110121011201
6012;01220112012121011202
6013;11210012110121011201
6014;11210012110121011201
6015;01210112010121011201
6016;01220112012121011202
6017;01220212012121011202
6018;11210112011121011201
6019;01210122010121011201
6020;11210012110121011201
6021;11210112011121011201
6022;00220111012111011202
6023;01210122010121011201
6024;21210112010121021201
6025;21210112010121021201
6026;01210122010121011201
6027;01210122010121011201
6028;11210012110121011201
6029;01220212012121011202
6030;01210112010121011201
6031;01220212012121011202
6032;21210112010121021201
6033;11210012110121011201
6034;01210112010121011201
6035;11210112011121011201
6036;21210112010121021201
6037;01211122110121111201
6038;21210112010121021201
6039;11210012110121011201
6040;01220212012121011202
6041;01211122110121111201
6042;11210012110121011201
6043;01220112012121011202
6044;01220112012121011202
6045;01210112010121011201
6046;00220111012111011202
6047;11210012110121011201
6048;01220112012121011202
6049;11210112011121011201
6050;01210112010121011201
6051;01210112010121011201
6052;11210112011121011201
6053;11210112011121011201
6054;00220111012111011202
6055;11210112011121011201
6056;00220111012111011202
6057;01220112012121011202
6058;11110112111121011201
6059;01220112012121011202
6060;11210012110121011201
6061;01220212012121011202
6062;21210112010121021201
6063;01210112010121011201
6064;11210012110121011201
6065;01220212012121011202
6066;11210112011121011201
6067;01210122010121011201
6068;21210112010121021201
6069;01210122010121011201
6070;11210112011121011201
6071;01211122110121111201
6072;01210122010121011201
6073;01220112012121011202
6074;01220112012121011202
6075;11210112011121011201
6076;11210112011121011201
6077;01210122010121011201
6078;21210112010121021201
6079;21210112010121021201
6080;21210112010121021201
6081;01210112010121011201
6082;11210012110121011201
6083;11210012110121011201
6084;21210112010121021201
6085;01210112010121011201
6086;01220212012121011202
6087;01210122010121011201
6088;00220111012111011202
6089;21210112010121021201
6090;01210112010121011201
6091;11210112011121011201
6092;00220111012111011202
6093;01210112010121011201
6094;01210122010121011201
6095;01210112010121011201
6096;21210112010121021201
6097;01210112010121011201
6098;01210112010121011201
6099;11210012110121011201
6100;21210112010121021201
6101;01220112012121011202
6102;11210012110121011201
6103;11210012110121011201
6104;11210012110121011201
6105;11210012110121011201
6106;01220112012121011202
6107;11210112011121011201
6108;01220112012121011202
6109;01210122010121011201
6110;01211122110121111201
6111;01220112012121011202
6112;01210112010121011201
6113;11210012110121011201
6114;01220112012121011202
6115;11210112011121011201
6116;01210112010121011201
6117;11210112011121011201
6118;01210112010121011201
6119;00220111012111011202
6120;11110112111121011201
6121;21210112010121021201
6122;11210012110121011201
6123;11210112011121011201
6124;01210112010121011201
6125;11210012110121011201
6126;11210012110121011201
6127;01220212012121011202
6128;01220112012121011202
6129;01220212012121011202
6130;11210012110121011201
6131;11210012110121011201
6132;01210112010121011201
6133;01210112010121011201
6134;11210112011121011201
6135;01210112010121011201
6136;01210122010121011201
6137;11210012110121011201
6138;11210012110121011201
6139;01220112012121011202
6140;01220112012121011202
6141;01210112010121011201
6142;11210112011121011201
6143;11110112111121011201
6144;01210112010121011201
6145;01210122010121011201
6146;11210012110121011201
6147;21210112010121021201
6148;11110112111121011201
6149;01210122010121011201
6150;21210112010121021201
6151;11110112111121011201
6152;11210012110121011201
6153;00220111012111011202
6154;01210112010121011201
6155;01210112010121011201
6156;01210122010121011201
6157;11210112011121011201
6158;21210112010121021201
6159;11210012110121011201
6160;01210122010121011201
6161;11210012110121011201
6162;01210112010121011201
6163;01210112010121011201
6164;11110112111121011201
6165;01210112010121011201
6166;01211122110121111201
6167;01220112012121011202
6168;01220112012121011202
6169;21210112010121021201
6170;01211122110121111201
6171;01220212012121011202
6172;11210012110121011201
6173;21210112010121021201
6174;11210012110121011201
6175;01220112012121011202
6176;11210012110121011201
6177;21210112010121021201
6178;21210112010121021201
6179;21210112010121021201
6180;01220212012121011202
6181;11210012110121011201
6182;01210112010121011201
6183;21210112010121021201
6184;01211122110121111201
6185;11210012110121011201
6186;01220112012121011202
6187;01210122010121011201
6188;11110112111121011201
6189;11210012110121011201
6190;01210112010121011201
6191;01210112010121011201
6192;00220111012111011202
6193;11110112111121011201
6194;01210122010121011201
6195;21210112010121021201
6196;11210012110121011201
6197;21210112010121021201
6198;21210112010121021201
6199;01210122010121011201
6200;11210012110121011201
6201;01210112010121011201
6202;00220111012111011202
6203;11210012110121011201
6204;01210122010121011201
6205;01210122010121011201
6206;01210122010121011201
6207;11210012110121011201
6208;01210112010121011201
6209;21210112010121021201
6210;11210012110121011201
6211;11210012110121011201
6212;21210112010121021201
6213;11110112111121011201
6214;01220212012121011202
6215;21210112010121021201
6216;01210122010121011201
6217;01211122110121111201
6218;01210122010121011201
6219;01210112010121011201
6220;21210112010121021201
6221;01210112010121011201
6222;11210012110121011201
6223;21210112010121021201
6224;11210012110121011201
6225;01220212012121011202
6226;11210012110121011201
6227;01210112010121011201
6228;21210112010121021201
6229;01220112012121011202
6230;01210112010121011201
6231;01220112012121011202
6232;01210122010121011201
6233;01220112012121011202
6234;21210112010121021201
6235;01210112010121011201
6236;21210112010121021201
6237;11210112011121011201
6238;11210012110121011201
6239;00220111012111011202
6240;11210012110121011201
6241;01211122110121111201
6242;01210112010121011201
6243;21210112010121021201
6244;11210112011121011201
6245;01210122010121011201
6246;01220112012121011202
6247;01210112010121011201
6248;11210112011121011201
6249;21210112010121021201
6250;01211122110121111201
6251;01220112012121011202
6252;21210112010121021201
6253;21210112010121021201
6254;01220112012121011202
6255;01210122010121011201
6256;01210112010121011201
6257;01211122110121111201
6258;01220112012121011202
6259;21210112010121021201
6260;01220212012121011202
6261;01210122010121011201
6262;01210112010121011201
6263;01210112010121011201
6264;00220111012111011202
6265;01210112010121011201
6266;00220111012111011202
6267;21210112010121021201
6268;11210012110121011201
6269;01210112010121011201
6270;21210112010121021201
6271;21210112010121021201
6272;00220111012111011202
6273;01220112012121011202
6274;01220212012121011202
6275;21210112010121021201
6276;01220112012121011202
6277;21210112010121021201
6278;21210112010121021201
6279;21210112010121021201
6280;01220112012121011202
6281;01220112012121011202
6282;01220212012121011202
6283;11210012110121011201
6284;21210112010121021201
6285;01220112012121011202
6286;01210112010121011201
6287;01220212012121011202
6288;21210112010121021201
6289;00220111012111011202
6290;01210112010121011201
6291;01220112012121011202
6292;01210112010121011201
6293;01210112010121011201
6294;11210012110121011201
6295;11210112011121011201
6296;01210122010121011201
6297;11210112011121011201
6298;11110112111121011201
6299;11210112011121011201
6300;00220111012111011202
6301;21210112010121021201
6302;11210012110121011201
6303;01210112010121011201
6304;01220112012121011202
6305;21210112010121021201
6306;11110112111121011201
6307;21210112010121021201
6308;21210112010121021201
6309;21210112010121021201
6310;11210112011121011201
6311;21210112010121021201
6312;21210112010121021201
6313;01210122010121011201
6314;11210012110121011201
6315;01210112010121011201
6316;21210112010121021201
6317;21210112010121021201
6318;01210112010121011201
6319;11210012110121011201
6320;11210012110121011201
6321;00220111012111011202
6322;11210012110121011201
6323;11210012110121011201
6324;11210012110121011201
6325;21210112010121021201
6326;01210112010121011201
6327;00220111012111011202
6328;11210012110121011201
6329;01220212012121011202
6330;01210122010121011201
6331;11210112011121011201
6332;01220112012121011202
6333;01220112012121011202
6334;21210112010121021201
6335;01211122110121111201
6336;01210112010121011201
6337;11210012110121011201
6338;21210112010121021201
6339;01220112012121011202
6340;11210012110121011201
6341;01220112012121011202
6342;21210112010121021201
6343;01220112012121011202
6344;21210112010121021201
6345;01211122110121111201
6346;01210122010121011201
6347;01210122010121011201
6348;01220212012121011202
6349;01220112012121011202
6350;01210112010121011201
6351;21210112010121021201
6352;01210112010121011201
6353;01210122010121011201
6354;01210112010121011201
6355;01220112012121011202
6356;11210012110121011201
6357;11110112111121011201
6358;11210012110121011201
6359;21210112010121021201
6360;11210112011121011201
6361;11210012110121011201
6362;11110112111121011201
6363;01210122010121011201
6364;21210112010121021201
6365;11210012110121011201
6366;01220112012121011202
6367;21210112010121021201
6368;11210112011121011201
6369;21210112010121021201
6370;21210112010121021201
6371;01220212012121011202
6372;21210112010121021201
6373;01210112010121011201
6374;01210122010121011201
6375;21210112010121021201
6376;01210112010121011201
6377;01210122010121011201
6378;11110112111121011201
6379;21210112010121021201
6380;01210112010121011201
6381;01210112010121011201
6382;21210112010121021201
6383;11210112011121011201
6384;00220111012111011202
6385;21210112010121021201
6386;11210012110121011201
6387;01220212012121011202
6388;01220112012121011202
6389;21210112010121021201
6390;01210112010121011201
6391;11210112011121011201
6392;01220112012121011202
6393;01210112010121011201
6394;01210112010121011201
6395;01210112010121011201
6396;01211122110121111201
6397;01210112010121011201
6398;11210012110121011201
6399;01210112010121011201
6400;01220212012121011202
6401;11210012110121011201
6402;01220112012121011202
6403;11210012110121011201
6404;21210112010121021201
6405;00220111012111011202
6406;11210112011121011201
6407;00220111012111011202
6408;11210012110121011201
6409;00220111012111011202
6410;01210112010121011201
6411;01210112010121011201
6412;11210012110121011201
6413;21210112010121021201
6414;21210112010121021201
6415;01210112010121011201
6416;01220212012121011202
6417;01220112012121011202
6418;11210012110121011201
6419;01220112012121011202
6420;21210112010121021201
6421;11210012110121011201
6422;11210012110121011201
6423;01210122010121011201
6424;11210012110121011201
6425;21210112010121021201
6426;01220112012121011202
6427;01210112010121011201
6428;21210112010121021201
6429;01210112010121011201
6430;01220112012121011202
6431;11110112111121011201
6432;01210112010121011201
6433;01210122010121011201
6434;11210012110121011201
6435;01220112012121011202
6436;01210112010121011201
6437;21210112010121021201
6438;21210112010121021201
6439;01211122110121111201
6440;01210122010121011201
6441;01210112010121011201
6442;01210112010121011201
6443;21210112010121021201
6444;21210112010121021201
6445;21210112010121021201
6446;01220212012121011202
6447;01220112012121011202
6448;01220112012121011202
6449;01210122010121011201
6450;01220212012121011202
6451;01210112010121011201
6452;01210122010121011201
6453;11210012110121011201
6454;00220111012111011202
6455;21210112010121021201
6456;01210122010121011201
6457;11210012110121011201
6458;11210012110121011201
6459;11210112011121011201
6460;01220212012121011202
6461;11210112011121011201
6462;11210012110121011201
6463;11210012110121011201
6464;21210112010121021201
6465;11210012110121011201
6466;11210012110121011201
6467;01220112012121011202
6468;11210012110121011201
6469;11210112011121011201
6470;01210112010121011201
6471;11210112011121011201
6472;01211122110121111201
6473;01210112010121011201
6474;11210012110121011201
6475;01220112012121011202
6476;01211122110121111201
6477;01210122010121011201
6478;00220111012111011202
6479;11210012110121011201
6480;01211122110121111201
6481;01220112012121011202
6482;21210112010121021201
6483;11210012110121011201
6484;01210112010121011201
6485;01210122010121011201
6486;11210112011121011201
6487;01210112010121011201
6488;11210012110121011201
6489;01210112010121011201
6490;11210112011121011201
6491;01220212012121011202
6492;01210112010121011201
6493;01210122010121011201
6494;01210112010121011201
6495;00220111012111011202
6496;01210112010121011201
6497;11210012110121011201
6498;01220112012121011202
6499;01220112012121011202
6500;21210112010121021201
6501;00220111012111011202
6502;01210122010121011201
6503;11210012110121011201
6504;01220112012121011202
6505;00220111012111011202
6506;11210012110121011201
6507;11210012110121011201
6508;11210112011121011201
6509;01220112012121011202
6510;11210012110121011201
6511;01210112010121011201
6512;11210012110121011201
6513;11210112011121011201
6514;01210122010121011201
6515;01220112012121011202
6516;01210122010121011201
6517;01220212012121011202
6518;01210112010121011201
6519;01210112010121011201
6520;01210122010121011201
6521;01210112010121011201
6522;11110112111121011201
6523;21210112010121021201
6524;01210122010121011201
6525;21210112010121021201
6526;11210012110121011201
6527;01211122110121111201
6528;00220111012111011202
6529;11210012110121011201
6530;01220112012121011202
6531;11210112011121011201
6532;01210112010121011201
6533;01210112010121011201
6534;01220112012121011202
6535;21210112010121021201
6536;21210112010121021201
6537;11210012110121011201
6538;21210112010121021201
6539;01210112010121011201
6540;21210112010121021201
6541;11110112111121011201
6542;11110112111121011201
6543;21210112010121021201
6544;01210112010121011201
6545;01211122110121111201
6546;01210112010121011201
6547;01210112010121011201
6548;21210112010121021201
6549;21210112010121021201
6550;01210112010121011201
6551;01220112012121011202
6552;21210112010121021201
6553;21210112010121021201
6554;21210112010121021201
6555;01220112012121011202
6556;01210122010121011201
6557;21210112010121021201
6558;01210112010121011201
6559;11210012110121011201
6560;11210012110121011201
6561;01210112010121011201
6562;01210112010121011201
6563;21210112010121021201
6564;11110112111121011201
6565;01210112010121011201
6566;01210112010121011201
6567;01210112010121011201
6568;11210012110121011201
6569;11210012110121011201
6570;11210112011121011201
6571;21210112010121021201
6572;21210112010121021201
6573;21210112010121021201
6574;01210112010121011201
6575;01220112012121011202
6576;01210122010121011201
6577;01210112010121011201
6578;01210112010121011201
6579;11210112011121011201
6580;01210112010121011201
6581;01220112012121011202
6582;11110112111121011201
6583;00220111012111011202
6584;01210112010121011201
6585;01211122110121111201
6586;21210112010121021201
6587;11210012110121011201
6588;01220112012121011202
6589;11210012110121011201
6590;11210012110121011201
6591;00220111012111011202
6592;11210012110121011201
6593;01210112010121011201
6594;01210112010121011201
6595;21210112010121021201
6596;21210112010121021201
6597;01210112010121011201
6598;01210112010121011201
6599;11210012110121011201
6600;11210012110121011201
6601;01210112010121011201
6602;11210012110121011201
6603;11210012110121011201
6604;11210112011121011201
6605;11210012110121011201
6606;01210112010121011201
6607;01220212012121011202
6608;01210112010121011201
6609;11210112011121011201
6610;01210122010121011201
6611;01220112012121011202
6612;11210012110121011201
6613;11210112011121011201
6614;01220112012121011202
6615;21210112010121021201
6616;01210122010121011201
6617;01210122010121011201
6618;21210112010121021201
6619;01220112012121011202
6620;01210112010121011201
6621;11210012110121011201
6622;21210112010121021201
6623;11110112111121011201
6624;21210112010121021201
6625;11210012110121011201
6626;11210012110121011201
6627;01220212012121011202
6628;01210112010121011201
6629;21210112010121021201
6630;01211122110121111201
6631;21210112010121021201
6632;01210122010121011201
6633;01220112012121011202
6634;01210112010121011201
6635;01220212012121011202
6636;01210112010121011201
6637;01220112012121011202
6638;01210112010121011201
6639;01210112010121011201
6640;11210012110121011201
6641;01210122010121011201
6642;01210112010121011201
6643;11210112011121011201
6644;01210112010121011201
6645;01220112012121011202
6646;11210012110121011201
6647;11110112111121011201
6648;01210112010121011201
6649;21210112010121021201
6650;01211122110121111201
6651;11210012110121011201
6652;01210112010121011201
6653;01210122010121011201
6654;21210112010121021201
6655;11210012110121011201
6656;01220112012121011202
6657;01211122110121111201
6658;01210112010121011201
6659;21210112010121021201
6660;11210012110121011201
6661;11210012110121011201
6662;01211122110121111201
6663;00220111012111011202
6664;01211122110121111201
6665;21210112010121021201
6666;21210112010121021201
6667;01210122010121011201
6668;21210112010121021201
6669;11210012110121011201
6670;01210122010121011201
6671;11210012110121011201
6672;01220112012121011202
6673;11210112011121011201
6674;01220112012121011202
6675;21210112010121021201
6676;21210112010121021201
6677;21210112010121021201
6678;11210012110121011201
6679;11210012110121011201
6680;01210122010121011201
6681;11210012110121011201
6682;01220212012121011202
6683;21210112010121021201
6684;11210112011121011201
6685;21210112010121021201
6686;01210112010121011201
6687;01220212012121011202
6688;00220111012111011202
6689;11210112011121011201
6690;21210112010121021201
6691;11210112011121011201
6692;11210112011121011201
6693;01211122110121111201
6694;21210112010121021201
6695;01210122010121011201
6696;11210012110121011201
6697;01210122010121011201
6698;01220212012121011202
6699;11210012110121011201
6700;01210112010121011201
6701;11210012110121011201
6702;11210012110121011201
6703;01210112010121011201
6704;01210112010121011201
6705;11210012110121011201
6706;01210112010121011201
6707;11210012110121011201
6708;21210112010121021201
6709;21210112010121021201
6710;11210012110121011201
6711;11210112011121011201
6712;01210112010121011201
6713;21210112010121021201
6714;11210012110121011201
6715;11210012110121011201
6716;01220212012121011202
6717;01220112012121011202
6718;01210122010121011201
6719;01210122010121011201
6720;01210112010121011201
6721;11210012110121011201
6722;01220112012121011202
6723;21210112010121021201
6724;11210112011121011201
6725;11210012110121011201
6726;21210112010121021201
6727;11210112011121011201
6728;11210012110121011201
6729;11210112011121011201
6730;01220112012121011202
6731;11210112011121011201
6732;11210112011121011201
6733;21210112010121021201
6734;01210112010121011201
6735;01220112012121011202
6736;11210012110121011201
6737;01210112010121011201
6738;11210012110121011201
6739;11210112011121011201
6740;11210012110121011201
6741;11210012110121011201
6742;01220112012121011202
6743;01210112010121011201
6744;21210112010121021201
6745;01220212012121011202
6746;21210112010121021201
6747;01220112012121011202
6748;21210112010121021201
6749;21210112010121021201
6750;01210112010121011201
6751;11210112011121011201
6752;01210112010121011201
6753;01210112010121011201
6754;00220111012111011202
6755;01210122010121011201
6756;01220112012121011202
6757;01220112012121011202
6758;01210122010121011201
6759;01210112010121011201
6760;01210112010121011201
6761;01210112010121011201
6762;21210112010121021201
6763;01210112010121011201
6764;01211122110121111201
6765;11210012110121011201
6766;00220111012111011202
6767;21210112010121021201
6768;01210112010121011201
6769;01220112012121011202
6770;11210112011121011201
6771;01220212012121011202
6772;11210012110121011201
6773;01210112010121011201
6774;21210112010121021201
6775;11210112011121011201
6776;01210112010121011201
6777;11210012110121011201
6778;01210112010121011201
6779;11210012110121011201
6780;11110112111121011201
6781;11210012110121011201
6782;11210012110121011201
6783;11210112011121011201
6784;11210012110121011201
6785;21210112010121021201
6786;11210012110121011201
6787;11110112111121011201
6788;11210112011121011201
6789;00220111012111011202
6790;11210012110121011201
6791;11210012110121011201
6792;01211122110121111201
6793;01210122010121011201
6794;21210112010121021201
6795;01220112012121011202
6796;21210112010121021201
6797;01210112010121011201
6798;01210112010121011201
6799;11210012110121011201
6800;11110112111121011201
6801;11110112111121011201
6802;11210012110121011201
6803;21210112010121021201
6804;01210112010121011201
6805;01210112010121011201
6806;21210112010121021201
6807;11110112111121011201
6808;01210122010121011201
6809;01210112010121011201
6810;01210122010121011201
6811;01210112010121011201
6812;11210012110121011201
6813;21210112010121021201
6814;11210012110121011201
6815;00220111012111011202
6816;11210012110121011201
6817;00220111012111011202
6818;21210112010121021201
6819;21210112010121021201
6820;21210112010121021201
6821;11210112011121011201
6822;01210112010121011201
6823;11210012110121011201
6824;00220111012111011202
6825;21210112010121021201
6826;01211122110121111201
6827;01210112010121011201
6828;01210112010121011201
6829;21210112010121021201
6830;21210112010121021201
6831;21210112010121021201
6832;01210112010121011201
6833;01210112010121011201
6834;21210112010121021201
6835;21210112010121021201
6836;01220112012121011202
6837;21210112010121021201
6838;11210112011121011201
6839;21210112010121021201
6840;01210112010121011201
6841;01210112010121011201
6842;21210112010121021201
6843;00220111012111011202
6844;11210112011121011201
6845;11210112011121011201
6846;01210122010121011201
6847;01210112010121011201
6848;01210112010121011201
6849;21210112010121021201
6850;21210112010121021201
6851;11110112111121011201
6852;21210112010121021201
6853;11210012110121011201
6854;11210012110121011201
6855;01220112012121011202
6856;01220112012121011202
6857;01210112010121011201
6858;01210122010121011201
6859;11210012110121011201
6860;11210012110121011201
6861;11210012110121011201
6862;01210112010121011201
6863;21210112010121021201
6864;11210012110121011201
6865;21210112010121021201
6866;01220112012121011202
6867;01220112012121011202
6868;01210112010121011201
6869;01210112010121011201
6870;01210122010121011201
6871;11210012110121011201
6872;01210112010121011201
6873;11210112011121011201
6874;21210112010121021201
6875;01210112010121011201
6876;11210012110121011201
6877;01210122010121011201
6878;21210112010121021201
6879;01210122010121011201
6880;00220111012111011202
6881;01210112010121011201
6882;01220112012121011202
6883;11210012110121011201
6884;01210112010121011201
6885;01210112010121011201
6886;11210012110121011201
6887;01220212012121011202
6888;11210012110121011201
6889;21210112010121021201
6890;00220111012111011202
6891;01210122010121011201
6892;11210012110121011201
6893;21210112010121021201
6894;21210112010121021201
6895;01210122010121011201
6896;11210012110121011201
6897;00220111012111011202
6898;11210012110121011201
6899;11210012110121011201
6900;11210112011121011201
6901;11210012110121011201
6902;01210112010121011201
6903;11210012110121011201
6904;01220112012121011202
6905;01220212012121011202
6906;01210112010121011201
6907;01220112012121011202
6908;21210112010121021201
6909;01210112010121011201
6910;01210122010121011201
6911;01210122010121011201
6912;21210112010121021201
6913;11210012110121011201
6914;00220111012111011202
6915;01210112010121011201
6916;01210122010121011201
6917;01210122010121011201
6918;21210112010121021201
6919;01210112010121011201
6920;21210112010121021201
6921;01210112010121011201
6922;11210012110121011201
6923;01210112010121011201
6924;01210122010121011201
6925;01220212012121011202
6926;01210112010121011201
6927;21210112010121021201
6928;01220112012121011202
6929;11110112111121011201
6930;11210012110121011201
6931;01210112010121011201
6932;21210112010121021201
6933;01211122110121111201
6934;11210112011121011201
6935;11210012110121011201
6936;21210112010121021201
6937;21210112010121021201
6938;21210112010121021201
6939;01220212012121011202
6940;21210112010121021201
6941;01210112010121011201
6942;11210112011121011201
6943;00220111012111011202
6944;21210112010121021201
6945;11210012110121011201
6946;21210112010121021201
6947;01210112010121011201
6948;21210112010121021201
6949;01210122010121011201
6950;01210122010121011201
6951;01220212012121011202
6952;01220112012121011202
6953;01210112010121011201
6954;01210122010121011201
6955;01210122010121011201
6956;01210112010121011201
6957;11210012110121011201
6958;11210012110121011201
6959;11210012110121011201
6960;11210012110121011201
6961;00220111012111011202
6962;01210122010121011201
6963;01210112010121011201
6964;01210122010121011201
6965;01220212012121011202
6966;01220112012121011202
6967;11210012110121011201
6968;11210012110121011201
6969;11210112011121011201
6970;01211122110121111201
6971;11210012110121011201
6972;01220112012121011202
6973;21210112010121021201
6974;01210112010121011201
6975;01210122010121011201
6976;11210012110121011201
6977;11110112111121011201
6978;01210112010121011201
6979;01210112010121011201
6980;01220112012121011202
6981;01210112010121011201
6982;01210112010121011201
6983;11210012110121011201
6984;01210112010121011201
6985;21210112010121021201
6986;01210112010121011201
6987;01210122010121011201
6988;01220112012121011202
6989;11210012110121011201
6990;01210122010121011201
6991;21210112010121021201
6992;21210112010121021201
6993;11210112011121011201
6994;01211122110121111201
6995;21210112010121021201
6996;01220112012121011202
6997;01210112010121011201
6998;11210012110121011201
6999;11210012110121011201
7000;11210012110121011201
7001;21210112010121021201
7002;01210122010121011201
7003;21210112010121021201
7004;01210112010121011201
7005;11210012110121011201
7006;01210122010121011201
7007;01220112012121011202
7008;11210112011121011201
7009;21210112010121021201
7010;01210112010121011201
7011;01210122010121011201
7012;21210112010121021201
7013;21210112010121021201
7014;01210122010121011201
7015;00220111012111011202
7016;01211122110121111201
7017;01210112010121011201
7018;11210012110121011201
7019;21210112010121021201
7020;21210112010121021201
7021;21210112010121021201
7022;11210012110121011201
7023;01220212012121011202
7024;01210112010121011201
7025;21210112010121021201
7026;21210112010121021201
7027;01210122010121011201
7028;01220112012121011202
7029;01210122010121011201
7030;11210012110121011201
7031;11210012110121011201
7032;21210112010121021201
7033;01220212012121011202
7034;01210112010121011201
7035;01210112010121011201
7036;01210112010121011201
7037;11210012110121011201
7038;01210112010121011201
7039;11210012110121011201
7040;01210122010121011201
7041;21210112010121021201
7042;01210112010121011201
7043;01220112012121011202
7044;11210012110121011201
7045;01210112010121011201
7046;21210112010121021201
7047;01210112010121011201
7048;11210012110121011201
7049;01210112010121011201
7050;01220112012121011202
7051;01210112010121011201
7052;11210012110121011201
7053;01211122110121111201
7054;01220212012121011202
7055;01210112010121011201
7056;01220212012121011202
7057;01210112010121011201
7058;01220212012121011202
7059;01210122010121011201
7060;11210112011121011201
7061;01210112010121011201
7062;11210012110121011201
7063;21210112010121021201
7064;11210112011121011201
7065;11210112011121011201
7066;21210112010121021201
7067;11210012110121011201
7068;11210112011121011201
7069;21210112010121021201
7070;11210112011121011201
7071;01210122010121011201
7072;01210122010121011201
7073;01220112012121011202
7074;21210112010121021201
7075;01210112010121011201
7076;01210112010121011201
7077;01220112012121011202
7078;11210112011121011201
7079;11210012110121011201
7080;01210112010121011201
7081;11110112111121011201
7082;11110112111121011201
7083;01220112012121011202
7084;21210112010121021201
7085;21210112010121021201
7086;21210112010121021201
7087;11210012110121011201
7088;01210112010121011201
7089;01210112010121011201
7090;21210112010121021201
7091;01220112012121011202
7092;21210112010121021201
7093;01210122010121011201
7094;01210112010121011201
7095;01220112012121011202
7096;11210112011121011201
7097;01210112010121011201
7098;11210112011121011201
7099;01210112010121011201
7100;21210112010121021201
7101;21210112010121021201
7102;11110112111121011201
7103;01210112010121011201
7104;01211122110121111201
7105;21210112010121021201
7106;21210112010121021201
7107;21210112010121021201
7108;01210122010121011201
7109;11210012110121011201
7110;21210112010121021201
7111;11210012110121011201
7112;11210012110121011201
7113;21210112010121021201
7114;01220112012121011202
7115;11210112011121011201
7116;21210112010121021201
7117;11210012110121011201
7118;21210112010121021201
7119;11210012110121011201
7120;01210112010121011201
7121;01210112010121011201
7122;11210012110121011201
7123;11210012110121011201
7124;21210112010121021201
7125;01220112012121011202
7126;01211122110121111201
7127;21210112010121021201
7128;21210112010121021201
7129;01210112010121011201
7130;01210122010121011201
7131;01220112012121011202
7132;01210112010121011201
7133;01210112010121011201
7134;01220112012121011202
7135;21210112010121021201
7136;11210012110121011201
7137;11110112111121011201
7138;11210012110121011201
7139;11210112011121011201
7140;01210112010121011201
7141;21210112010121021201
7142;01210112010121011201
7143;11110112111121011201
7144;01211122110121111201
7145;01220212012121011202
7146;21210112010121021201
7147;01210112010121011201
7148;21210112010121021201
7149;01220112012121011202
7150;21210112010121021201
7151;21210112010121021201
7152;01210112010121011201
7153;00220111012111011202
7154;01220112012121011202
7155;01211122110121111201
7156;01220112012121011202
7157;11210012110121011201
7158;11110112111121011201
7159;11210012110121011201
7160;11210012110121011201
7161;01210112010121011201
7162;11210012110121011201
7163;21210112010121021201
7164;01210112010121011201
7165;01211122110121111201
7166;21210112010121021201
7167;11210012110121011201
7168;01220212012121011202
7169;01210112010121011201
7170;21210112010121021201
7171;01210112010121011201
7172;01220212012121011202
7173;01210122010121011201
7174;01220212012121011202
7175;11210112011121011201
7176;01210112010121011201
7177;01220112012121011202
7178;01220212012121011202
7179;01210122010121011201
7180;11210012110121011201
7181;11210012110121011201
7182;11210112011121011201
7183;11210012110121011201
7184;21210112010121021201
7185;11210012110121011201
7186;11210012110121011201
7187;01211122110121111201
7188;11210112011121011201
7189;01210112010121011201
7190;01210112010121011201
7191;21210112010121021201
7192;21210112010121021201
7193;11210012110121011201
7194;01220212012121011202
7195;01210112010121011201
7196;01211122110121111201
7197;01220112012121011202
7198;11210012110121011201
7199;01210112010121011201
7200;01210112010121011201
7201;00220111012111011202
7202;11210012110121011201
7203;21210112010121021201
7204;01210122010121011201
7205;21210112010121021201
7206;01220112012121011202
7207;01210112010121011201
7208;01210122010121011201
7209;01210112010121011201
7210;21210112010121021201
7211;21210112010121021201
7212;01220112012121011202
7213;01210112010121011201
7214;21210112010121021201
7215;01220112012121011202
7216;01210122010121011201
7217;11210012110121011201
7218;01210112010121011201
7219;11210012110121011201
7220;01210112010121011201
7221;01220112012121011202
7222;21210112010121021201
7223;01220112012121011202
7224;11210012110121011201
7225;21210112010121021201
7226;21210112010121021201
7227;01220112012121011202
7228;11110112111121011201
7229;01210122010121011201
7230;01220112012121011202
7231;01210112010121011201
7232;01210112010121011201
7233;01220112012121011202
7234;01210112010121011201
7235;01210112010121011201
7236;11210012110121011201
7237;21210112010121021201
7238;01210112010121011201
7239;01211122110121111201
7240;01220112012121011202
7241;01210122010121011201
7242;01210122010121011201
7243;21210112010121021201
7244;01210112010121011201
7245;21210112010121021201
7246;01220112012121011202
7247;01210112010121011201
7248;01220112012121011202
7249;11210112011121011201
7250;01210112010121011201
7251;01210112010121011201
7252;01211122110121111201
7253;11210012110121011201
7254;01210112010121011201
7255;21210112010121021201
7256;01220212012121011202
7257;11210012110121011201
7258;11110112111121011201
7259;11210112011121011201
7260;11210012110121011201
7261;00220111012111011202
7262;11210012110121011201
7263;11210112011121011201
7264;11210112011121011201
7265;01211122110121111201
7266;11210012110121011201
7267;11210012110121011201
7268;01210112010121011201
7269;11210112011121011201
7270;21210112010121021201
7271;01210112010121011201
7272;21210112010121021201
7273;01210112010121011201
7274;11210012110121011201
7275;01220112012121011202
7276;21210112010121021201
7277;21210112010121021201
7278;11110112111121011201
7279;21210112010121021201
7280;00220111012111011202
7281;01210112010121011201
7282;11210012110121011201
7283;21210112010121021201
7284;01210112010121011201
7285;11210012110121011201
7286;11210112011121011201
7287;01220112012121011202
7288;11210012110121011201
7289;21210112010121021201
7290;21210112010121021201
7291;21210112010121021201
7292;01220112012121011202
7293;11210012110121011201
7294;11210012110121011201
7295;11210012110121011201
7296;01210112010121011201
7297;01220212012121011202
7298;01210112010121011201
7299;11210012110121011201
7300;11110112111121011201
7301;11210012110121011201
7302;21210112010121021201
7303;01210112010121011201
7304;11210012110121011201
7305;21210112010121021201
7306;11210012110121011201
7307;11210112011121011201
7308;21210112010121021201
7309;01210112010121011201
7310;01220112012121011202
7311;11210012110121011201
7312;21210112010121021201
7313;01220112012121011202
7314;21210112010121021201
7315;11210012110121011201
7316;01210122010121011201
7317;01210122010121011201
7318;11110112111121011201
7319;11210012110121011201
7320;21210112010121021201
7321;01220112012121011202
7322;00220111012111011202
7323;01210112010121011201
7324;01220112012121011202
7325;01220112012121011202
7326;11210112011121011201
7327;01220112012121011202
7328;11210112011121011201
7329;21210112010121021201
7330;01220112012121011202
7331;11210012110121011201
7332;01220112012121011202
7333;11210012110121011201
7334;00220111012111011202
7335;01210112010121011201
7336;21210112010121021201
7337;01220112012121011202
7338;01220112012121011202
7339;01210112010121011201
7340;21210112010121021201
7341;01210112010121011201
7342;01211122110121111201
7343;11210012110121011201
7344;01210112010121011201
7345;01210112010121011201
7346;01211122110121111201
7347;01210122010121011201
7348;11210012110121011201
7349;00220111012111011202
7350;11210012110121011201
7351;21210112010121021201
7352;21210112010121021201
7353;11210112011121011201
7354;01210112010121011201
7355;21210112010121021201
7356;01220112012121011202
7357;01210122010121011201
7358;01220112012121011202
7359;21210112010121021201
7360;01210122010121011201
7361;11210112011121011201
7362;01210122010121011201
7363;21210112010121021201
7364;01210112010121011201
7365;11210012110121011201
7366;00220111012111011202
7367;21210112010121021201
7368;21210112010121021201
7369;11210112011121011201
7370;11110112111121011201
7371;01220212012121011202
7372;21210112010121021201
7373;01220112012121011202
7374;11210012110121011201
7375;11210012110121011201
7376;01210112010121011201
7377;21210112010121021201
7378;01210122010121011201
7379;21210112010121021201
7380;21210112010121021201
7381;11210012110121011201
7382;01210122010121011201
7383;11110112111121011201
7384;01210112010121011201
7385;01220112012121011202
7386;00220111012111011202
7387;01210112010121011201
7388;01210112010121011201
7389;21210112010121021201
7390;11210012110121011201
7391;01210112010121011201
7392;01210122010121011201
7393;01210122010121011201
7394;01220112012121011202
7395;01220212012121011202
7396;01210112010121011201
7397;11210012110121011201
7398;01210112010121011201
7399;11210112011121011201
7400;01210122010121011201
7401;11210012110121011201
7402;01210112010121011201
7403;21210112010121021201
7404;01210122010121011201
7405;11210112011121011201
7406;01210112010121011201
7407;21210112010121021201
7408;01220112012121011202
7409;01220112012121011202
7410;11210012110121011201
7411;01210112010121011201
7412;01210112010121011201
7413;21210112010121021201
7414;01210112010121011201
7415;11210012110121011201
7416;01210122010121011201
7417;11210012110121011201
7418;00220111012111011202
7419;11210112011121011201
7420;11210012110121011201
7421;01220112012121011202
7422;01210122010121011201
7423;01220212012121011202
7424;01210112010121011201
7425;01220212012121011202
7426;21210112010121021201
7427;01210122010121011201
7428;01210112010121011201
7429;11110112111121011201
7430;11210112011121011201
7431;01220112012121011202
7432;21210112010121021201
7433;11210012110121011201
7434;01220112012121011202
7435;01220112012121011202
7436;21210112010121021201
7437;01210122010121011201
7438;11210112011121011201
7439;11210012110121011201
7440;01210112010121011201
7441;11210012110121011201
7442;01220212012121011202
7443;01210122010121011201
7444;21210112010121021201
7445;00220111012111011202
7446;11210112011121011201
7447;01220112012121011202
7448;01210122010121011201
7449;11210112011121011201
7450;11210112011121011201
7451;01210112010121011201
7452;21210112010121021201
7453;01210112010121011201
7454;01211122110121111201
9000;01211122110121111201
9001;11210112011121011201
9002;11210112011121011201
9003;21210112010121021201
9004;01210112010121011201
9005;00220111012111011202
9006;11210012110121011201
9007;01210112010121011201
9008;01211122110121111201
9009;21210112010121021201
9100;11210112011121011201
9101;01210112010121011201
9102;11210012110121011201
9103;01220112012121011202
9104;11210012110121011201
9105;11210112011121011201
9106;11210012110121011201
9107;01220112012121011202
9108;01220112012121011202
9109;01210122010121011201
9110;21210112010121021201
9111;01220112012121011202
9112;21210112010121021201
9113;21210112010121021201
9114;01210112010121011201
9115;01211122110121111201
9116;11210012110121011201
9117;01210112010121011201
9118;00220111012111011202
9119;01220112012121011202
